-1.758456315451835117e+00,-2.630404856058719543e-01,-1.820108943299003634e-01,7.273255562766377524e-01,3.114064545714140264e-01,-1.053529907711792779e+00,2.356616479061831027e-01,2.905545121938826747e-01,2.599569496211227571e-01,-4.884867745245026205e-01
-1.895206517225133336e+00,6.729785426747869614e-01,4.123390925977548083e-01,1.854618682737728952e-01,-3.788280574875064199e-01,-3.308921697337900703e-02,-4.000185864684908110e-01,1.202962634376160455e-03,9.548940574261231828e-02,-4.720071505206199954e-03
4.668121582805929037e+00,-3.124637252438905444e-01,1.016252148522909932e-01,4.471802418775775445e-01,1.195808982852213237e-01,8.692371813269162972e-01,4.983367949279950970e-01,-2.869264829829443197e-01,5.369881268919204365e-01,5.883191979580779107e-02
-2.719639048957190663e+00,-1.156875034493263454e+00,-8.529357345361775478e-01,-7.345765506662795818e-01,1.264837147812047369e-01,-4.695965022892518714e-01,-1.827449060688188576e+00,-6.050192319611713554e-01,3.031940682470819048e+00,-1.288980449213572799e+00
-7.558692589859257183e+00,-1.266548708725030670e+00,-2.603300047371484016e-01,1.189244701945178395e+00,1.912077445013854016e+00,9.900130754876008687e-01,2.145151958855166519e-01,6.238956059545295307e-01,-1.364465056291726264e-01,8.991714871169287360e-01
-4.171178855227395843e+00,-1.130907511507142749e+00,-1.043778990414068630e+00,-4.091552026076284987e-01,-7.840725047955071636e-01,1.772866083496711598e+00,-1.744649318248768788e+00,1.578376722828665812e+00,8.842272681369550691e-01,7.679024369334399580e-01
-5.744299358177982207e+00,-9.309412573698708747e-04,-1.053048922160408019e+00,-3.804307862126333206e-01,-1.690831916323635165e+00,-2.495712943078181034e+00,-2.198063860012436699e+00,2.055931523220203838e-01,-1.569398868525258228e+00,1.501119853151580141e+00
1.483267342263036692e+00,-1.887311580482653739e-01,-2.501193742588510571e-01,4.713639640957796861e-01,3.604018784199819470e-02,-1.202247999744107121e+00,-1.703597814874110716e-01,3.820688660547516546e-01,4.256738754048162154e-01,-3.710573570596731319e-01
-1.272127873060452830e+00,-1.661820486399820274e+00,7.115635534357274417e-02,4.775046130020047519e-01,-2.141057224316690100e+00,-3.160043908292921588e-01,6.615192881438894945e-01,-1.326018376483417249e+00,-8.512931895769120239e-01,8.432763390951257820e-01
-1.375172783224964723e+00,3.670136272946937228e-01,-1.517764098334065115e-01,-1.537331927327087122e+00,1.704134751883804311e-01,2.439330897104703411e-01,-1.261771815750145631e-01,1.016218039870985468e+00,-1.495821096820622031e+00,-1.296676331667735882e+00
-3.976782117849027021e+00,-6.982674486400101133e-01,-5.578655512517807225e-01,7.828821657932306666e-01,-8.371664099761702005e-01,3.958421989506293870e-01,-2.423930356586791568e+00,-1.426772551397377797e-01,8.785799754107949111e-01,8.649550374936975095e-01
-3.056573836489409057e+00,2.616027319896178094e-01,-3.174140223432982966e-01,3.943274708934305095e-01,-1.878286459761828453e-01,7.474939769207428197e-01,-4.971861574817886820e-01,7.063715763851993179e-01,7.663568739872461677e-01,-4.149424245075806206e-01
-3.814707999476162570e+00,4.686500138888798905e-01,1.292614027425673107e-01,1.333352163807978163e+00,-1.319013157272071135e+00,1.706555116878967882e+00,1.750570465673813469e+00,6.747685690904833278e-01,9.192398682647102692e-01,-8.277974312766332998e-01
-2.085902827596319398e+00,4.250708211590294161e-02,-5.924842128872253449e-02,-2.547844945840309627e-01,-6.028535579163432079e-01,-1.002955174114687244e-02,1.679988971091322947e-01,1.291405880763042968e-01,9.494513162435751219e-02,-3.209980245447487390e-01
-8.544378688825533530e+00,-9.382502025415343505e-01,-4.381539903837701200e-01,7.948919822409004909e-02,7.696609086029791991e-01,-5.465257946462290795e-01,-9.835599755864952165e-01,-7.819029285783601901e-01,-7.374614025124160976e-01,1.868019199976225231e+00
-5.457046769598178138e+00,-5.824283844064113147e-01,1.463489845305867010e-01,4.262860847304016376e-01,7.927292071761711245e-01,-6.867922614399318837e-01,2.374770932594614525e-01,8.576487509889986205e-01,9.140829452333754102e-01,1.578964434348253176e+00
9.021633638139264777e-01,-2.060835885452392546e-01,-1.001093739366335056e+00,-1.088291537772540840e+00,2.432542180197714565e-01,-1.819256513752919024e-01,1.123249443006390513e-01,1.898744234674000775e-01,6.527758986825893395e-01,-2.040287691081122401e-01
-2.159478580357882205e+00,1.456564606753183666e+00,9.018608283915010571e-01,3.427100724958436762e-01,2.062205147417534690e+00,3.897148853661442369e-01,7.347256142580520510e-01,-5.594996017381737019e-01,3.141802207468959440e-01,1.411926559051926322e+00
-1.013728218675812309e+00,3.139656001170283428e-01,2.300563836650592608e-01,-6.940942179899454167e-01,2.015908137454987814e-01,2.008002546904097685e-01,-8.045320765393897400e-01,-1.325861459117561869e-01,-1.826773367182124019e-01,-5.748008829684012749e-02
2.248520541593300948e+00,4.141111679203394735e-01,1.002021181264955429e-01,4.368706238101280337e-02,-1.188732989966592296e-01,-9.735483874584460739e-02,-9.603369939593670024e-02,-1.802745705788825203e-01,-4.311203494664578306e-02,1.148493227808657091e-01
-1.898960668822957221e+00,3.983486689453483720e-01,-7.696130773467150243e-01,-1.974464316133414388e-01,2.615096331159471044e-01,-5.488225307340059977e-01,3.154736104545932673e-01,-2.393017243539873329e-01,6.871200442223401872e-01,-4.149383903515854177e-01
4.709509218824950438e-01,-2.260212058814091429e-02,2.360790553027910799e-01,1.330332522852559207e-01,-2.443700996526868285e-01,9.397924107009705819e-02,1.710032324092940897e-02,-2.057410393204888721e-01,-6.655860616386599649e-02,1.142276878567808837e-02
-2.644981035599201391e+00,9.043100685152581919e-01,4.489428153563329027e-01,-4.770335580041915602e-01,-2.787267642915506882e-01,6.815598186448650342e-01,3.887081886364350258e-01,-1.523052629922209411e-01,3.454414167429660787e-01,4.676015906755845442e-01
-7.136515428048154086e-02,2.507538637668222936e-01,-3.316365393507816201e-02,1.871856472701509053e-02,-3.142556795204364678e-02,8.429916876931281555e-02,1.276702909469920322e-01,-2.637969962659857809e-02,1.557733996072542260e-01,-1.578920335546315779e-01
-1.773800114051448995e+00,-3.396013324736527755e-02,3.469198948048464182e-01,-1.322631967818265419e+00,3.788475375062699269e-01,8.134234338704773304e-01,-5.569925666825278343e-01,-3.304414173546479372e-01,-2.135895966745534058e-01,7.705528848863427704e-01
-1.311252943678510974e+00,1.293729687192287647e-01,1.522760272190822051e-01,-1.952471376932076938e-02,7.236055444496278244e-02,-8.659018228288208746e-03,1.385340031252539454e-02,-5.641063840191552076e-02,1.240577181168865673e-01,2.550072841610837374e-02
5.518769501861760851e+00,3.284955272510248214e-01,3.762928761490978713e-02,-2.566969471488846355e-01,3.406460017880693636e-01,-4.937428483963175740e-02,-3.233993637310252911e-01,7.958195135063139691e-02,-4.052760154359289491e-01,5.592691061359317262e-01
4.454469655813154128e-01,-2.698569804108680303e-02,-5.318008399571084732e-01,-1.843610600257624410e-01,9.422635162088233152e-01,4.054666128799959135e-01,9.965766910806587164e-01,-7.349520615850699823e-01,3.445550479808537347e-01,2.136967448889776355e-01
5.082758154925207883e+00,8.323596201130763900e-03,5.297134792085101962e-01,4.733992965673169961e-01,-3.160809163238277320e-01,1.737085961488021302e-01,-2.271422353404406735e-01,-6.089695441902117645e-01,-3.900297159791762946e-01,-5.476907167742282034e-01
6.107318872186835890e+00,1.677153103733904776e-02,-2.831949419225064657e-03,1.787281480632526426e-02,-2.350849498778611324e-01,-4.487503090918393972e-02,-2.966016531793471689e-01,-1.979009239360835989e-02,-7.082885174720460197e-02,-9.269569443562830635e-02
2.954902903248305623e+00,5.331910559305897968e-01,-3.998308834221034336e-01,-5.231862645492979524e-01,5.205497084178927203e-01,-3.656934944025293233e-02,2.437038039750173690e-02,6.478147778152228975e-01,4.236597221760092236e-01,-4.771808456263967879e-01
-9.092125992124178158e-01,-8.927347414391711977e-01,-1.471715025586821435e+00,5.221498493059693047e-01,1.835057322944523728e+00,-9.646261009020653532e-01,6.748645483687996105e-01,1.670282729827098356e+00,2.029586338788797184e-01,-7.908819525416453944e-01
1.620779417757936658e+00,4.183865196589393043e-01,1.661967082042522525e-01,-3.262201569137796464e-01,4.244596917989449381e-01,-1.967578527460669691e-01,-1.009138696891425935e-01,-7.360586741277362621e-02,1.010271643384522827e-01,-3.704368322220308318e-01
5.740024926813595663e+00,-2.441631253986878414e-01,-3.001415949195856969e-01,2.533923077560524262e-01,-1.696326557777988187e-01,-1.288574820381561126e-01,-6.867733052443028008e-01,-4.900265778158553742e-02,-2.716100604597083135e-01,-2.417769128337869111e-01
1.216542056167734254e+00,3.483246279816317181e-01,2.302009137961194551e-01,-9.556559189412200395e-01,5.039727942814166139e-01,-6.604351275629487261e-02,-5.221197256656743280e-01,-1.130072948545081946e-01,3.788561047650494396e-01,7.140414702666583180e-01
-1.523396562430695822e-01,5.628627890081182583e-01,3.046906138316156087e-01,-5.713242961407321019e-01,6.895977018799757108e-01,-2.961585029462494578e-01,-1.110387121674274863e-01,-1.674649831087066665e-01,1.604938080073610163e-01,-5.080234483778368615e-01
3.901879272563245848e+00,4.931143547560512541e-01,9.115911830496798984e-01,4.378398461643459028e-01,1.563823630869722869e-01,5.114930638159884690e-01,-9.308317126150398302e-01,-3.401402404315251315e-01,1.403642676878922302e-01,-3.056370383220430309e-01
6.942930979305989014e-01,1.528849001496611626e-01,3.886170538247649825e-02,-7.863225194774767224e-02,-6.168355874430870439e-02,-3.157263797744757489e-02,7.581442140395259523e-03,-1.751193277579535246e-02,5.547675613581680432e-02,3.624997300741265860e-02
7.968391070891771566e-01,2.745739760419824704e-01,1.475477876665609867e-01,1.089052592421825727e+00,2.737271044660289920e-01,7.092526141458269651e-01,-2.146064121230346067e-01,9.906597465847374884e-02,-8.749402662917030171e-02,-5.478627018656866826e-02
1.893941223022727272e+00,6.327793272061437158e-01,2.889602890612049113e-01,-1.479141559956859142e-02,-3.393194281620198760e-01,4.180405315124954835e-01,-7.698560851674797201e-01,-2.641008792924751658e-01,-1.212994955159935467e-01,1.152195018974591229e-01
2.145876639063985625e+00,6.750547027192331517e-02,2.643737473894928747e-01,3.989873851624608364e-02,5.092788779030284901e-02,-4.266157147284481421e-02,-1.360651554591803432e-02,2.289419563789531209e-01,2.587640957031275488e-02,-1.140829648708907851e-01
9.821837897694259967e-01,1.668484037677250564e-01,-5.945552650732034428e-01,-2.698937069659359533e-01,9.107912135132609777e-01,-3.453713439353089942e-01,-6.101939716148654380e-01,-7.973635884563432530e-01,-1.852782655925085398e-01,-3.852075508834443274e-01
1.589316993021439917e+00,1.612464640858560574e-02,5.581110923404657836e-02,-2.065343767257453444e-01,4.082510413840299140e-02,-1.086743297527217739e-01,7.633052212209627541e-02,7.076356117683105240e-02,-7.838851928279301495e-02,1.105005163120920675e-01
3.497082310801771232e+00,2.440018368398508275e-01,1.085711080129903444e-01,-3.054641965025295391e-01,-9.553020302147378906e-02,4.494313133093967294e-01,2.854879820556943670e-02,-2.270641163146769614e-01,-1.281470264006051019e-01,1.057048074589731629e-01
2.058154890284799698e+00,1.515245319270403512e-01,-1.110391743497994438e-01,1.120705212760949449e-01,-4.254764169291399417e-02,5.307252512842258740e-02,-2.456632859992012863e-01,5.931854350767994805e-02,-1.440081973571517328e-02,1.770609740395056031e-01
2.225119156193135606e+00,7.052251195787319349e-02,9.623772807357082459e-02,8.824854092568326647e-02,3.375071459693245596e-02,-1.337818766749402852e-02,7.284649714040096480e-02,-1.413357497232803350e-01,5.720878856165587112e-02,4.499219538671302837e-02
-7.528645454254300207e-01,2.349043761623691440e-01,1.007044289697084233e-01,-1.252847318843675062e-01,-7.149064669415451656e-02,-6.861215583012908459e-02,7.904127363543268781e-02,-1.277025449007559467e-02,2.083486158164449958e-02,3.024701856253015839e-02
1.529062416545686309e+00,1.868705029927329730e-01,1.064402482989936990e-02,1.223947708006292434e-01,-1.129813780748803870e-01,-1.749156399903526588e-02,-1.229428159317100255e-01,6.790342235960007689e-02,-6.306046077419594220e-02,2.040565255142532952e-01
1.811493800823429368e+00,9.360180347000539303e-02,2.440763082318287147e-01,-3.826874240117628112e-02,-3.664459097707241375e-02,3.016377221109151074e-02,-1.543025714342695642e-01,-2.148412395346140785e-02,1.433004535611323918e-02,4.123241205929690373e-02
2.288813769124355080e+00,1.324284396331297867e-02,-8.929462279939442970e-02,3.026953533782785755e-01,1.939719555837706583e-02,-8.673207189650061766e-02,-1.073773827472536690e-01,1.752567028331644405e-01,-1.949295763586603725e-01,1.471399092650540752e-01
2.154968030406461565e+00,1.361999940872449244e-01,-1.028623396167765644e-02,8.586222011665151088e-02,-4.498954276917119244e-02,-1.565740743232990895e-01,-1.537192290933458647e-02,-5.146727293637298056e-02,1.501789049553936030e-02,-6.485890455825597811e-02
1.324602927411262066e+00,4.534447199145921203e-01,-2.076117742290107537e-01,-1.481160240886115476e-01,-3.616369922347957046e-03,-3.409836928511899568e-01,-9.830504694730916870e-02,-2.942501248611141262e-01,-8.262583776345165665e-02,-1.254263932848114112e-02
1.833564310523378094e+00,1.884804534665436293e-01,-5.172791144568179844e-02,-6.059212052670557430e-02,-1.387891459234304181e-01,-4.332688189052461523e-03,-5.967945995125009673e-02,-1.586463939579999260e-01,-6.382271551785523300e-02,-1.196278503777506025e-01
1.489477640597943964e+00,3.078439601661725478e-01,3.315768533412732921e-02,1.239253513654585831e-01,6.173721282604837518e-02,8.876099397464938534e-02,1.560649969470828957e-01,1.957211891117312808e-01,3.306891088949573398e-02,-6.389209993417140077e-02
2.143475086670422414e+00,9.063521690544286413e-02,-2.221139085673935060e-02,9.883673397388224868e-02,2.723602280622336100e-02,-1.791526375527690770e-02,5.601712184553318818e-02,4.052335111173754195e-02,-1.739373878765516079e-01,4.421923715656958520e-02
3.129676520316492017e+00,3.990349513004800008e-01,-5.632390725882512328e-01,-2.180999967640614157e-01,1.306138871118141809e-01,3.379276333456057713e-01,3.543092786505534497e-01,3.095362050882571325e-01,-3.455033195261529577e-02,-2.742676659379496562e-01
2.142551820721929179e+00,1.025253558608200527e-01,1.167812525812813723e-01,-3.005107196109101098e-02,-8.604903657410062356e-02,-7.029515161048709160e-02,-2.241521278923150340e-02,-4.070599470533793618e-02,2.023987883390908002e-02,-1.011823289178245995e-02
-1.021400188161582845e+00,1.743584890830779388e-01,2.482744863089710041e-02,-4.180990499898677021e-02,-9.033485538639994539e-02,-6.044333797847020046e-02,-2.866369759982918472e-02,-5.528708527538235551e-02,8.474052569033962978e-02,7.547346862624476627e-02
3.224767117365714419e+00,8.329886032013446018e-01,2.302149879172727120e-01,-6.515904511415145928e-01,-2.678122268052802180e-01,-8.807063993302909344e-01,-1.736995362026673706e-01,4.851528912294007512e-01,4.647684505358162244e-01,-1.642717779311817505e-01
2.200648767144298912e+00,3.263998331434376787e-01,-3.282372854441630294e-01,-1.109449350808464352e-01,-2.294211607894723615e-01,-8.453132154390449737e-02,5.647058976916988771e-01,2.893073658584095764e-02,6.135715206055257498e-02,-5.280287936661661602e-02
1.523743163328227901e+00,2.300441707113602130e-01,-2.342480860240150620e-01,1.517423036242256107e-01,-7.146618473385555129e-03,-1.226064035896283211e-01,-1.254694989984023734e-01,-5.632704386314516670e-02,6.352392159121120208e-02,1.412155879849927853e-01
2.329733906025352574e+00,9.931908436028363818e-02,4.008156118052541399e-03,4.197514570898822073e-02,-1.193721380709745761e-01,2.143728424919406905e-01,-4.337615045836892835e-02,-1.281689977537197045e-01,1.689996773541030742e-02,-1.489569752418488761e-02
-1.378415010958789644e+01,6.689783008518091378e+00,-2.488439360276304413e+00,2.227590482094758961e+00,-2.982960057938833565e+00,1.958162994777378429e+00,1.037093415139665575e+00,4.655513738201088603e-01,7.179096891116576451e-01,-4.465801637595327556e+00
-1.981878636558947804e+00,-2.486780690843874542e+00,-1.093171334159632746e+00,-3.538625334393040500e+00,1.227249515532637059e+00,3.039603205741692626e+00,-3.658262932402084555e+00,1.336752796485486838e+00,1.750693739312708885e+00,6.762561262623975056e-01
2.107740766686431400e+00,7.817229690606851411e-02,1.183068767870538718e-01,1.268979673301152689e-01,-1.156254218592774191e-01,-7.694361402032587338e-02,-1.959364488525782225e-02,-3.900552323187780890e-02,-1.687467640752828291e-01,-1.912911235907520380e-01
1.788764251960056173e+00,2.125312875422397108e-01,1.644326151948139469e-01,9.106313279105239522e-02,2.126172784711647390e-01,-1.631188605399515879e-01,1.138159353299947607e-01,-1.248081232715185646e-01,1.925488674310281423e-01,2.516964721599154395e-02
1.945222299229371288e+00,-4.196004152405101717e-01,2.913629820703278472e-01,4.402610394359877666e-01,-2.380243496319429108e-01,-4.854455721578239680e-01,-1.763042768501806067e-03,1.446092128960073941e-01,-2.050012565149915145e-01,-6.976167121495926299e-03
1.045192992574203394e+00,-6.209684439186802241e-02,9.971073992083119564e-02,-2.750602963772825760e-01,-9.825166182269072512e-02,9.854719412560868086e-02,-1.057147409149011841e-02,1.810586964935748944e-01,-3.849722164078241138e-02,1.807392055728844205e-01
-1.326382595436601974e+00,6.921050935030780282e-01,6.080557105026767467e-02,-6.455051844341728184e-01,-1.967303949821549991e-01,1.012409329021972004e+00,1.189377729829276253e-01,-3.877403964817456861e-01,-1.425760561700582241e-01,4.327179886570007850e-01
2.482624299279001967e+00,3.920869864656349457e-01,-3.689257137041229706e-01,-3.537694873035908127e-01,-4.042431443800509894e-01,-3.386507372568032248e-01,1.247311776984507820e-01,1.065069595036786110e-01,-7.857309108881327386e-02,7.014517517465646002e-02
2.254031096163071179e+00,6.496979029019946950e-01,-3.647847489338838511e-01,-1.744083040537159068e-01,1.514740399270612659e-01,3.946334903245145576e-01,8.787325363086061214e-02,-3.220035648635216630e-01,-5.067148559115916551e-02,-4.975828765103217088e-02
9.885949544066582328e-01,1.023867405064586705e-01,-7.280943249777951931e-02,-3.235947633126565748e-01,-2.579303457866706228e-01,2.661750384774349554e-01,1.729159873339048137e-01,-3.000275762224084795e-03,-7.241239017288066127e-02,9.728037696549078628e-02
-2.493442942785928818e+00,-3.885372365082572887e+00,2.888403107519825763e+00,3.872926971796434525e+00,-3.319375055159272225e+00,3.326512684876193671e+00,1.010877911348770475e+00,-1.890526403932789812e+00,-3.896061701627914875e+00,-3.872526822388637768e-01
-6.163670975572883570e+00,-1.202416284210503727e+00,4.087582623324656161e+00,9.095561607596577280e-01,7.417611956618789248e-01,-2.031080816577574666e+00,-3.513825649563010689e+00,-3.737626271759971974e+00,-7.644323061020362076e+00,-1.563370906941138783e+00
2.319345066218266194e+00,-1.189102618766904179e-01,-5.868931460884532075e-02,7.206005195010710407e-02,-5.588231966259922523e-02,-2.718108971778932653e-02,-1.198880007389432206e-01,-2.818128990521825417e-01,1.478757115989022264e-01,6.607282610410285251e-02
-9.217030543204637993e+00,1.899608048509586977e+00,-3.037170499833854453e-01,4.967120148276386177e-02,-6.815111862173071078e-01,2.266692647459721821e-01,2.150812844502089316e+00,-9.564954503887904136e-02,-2.423770212735765206e-01,9.682849637205115378e-01
-2.910265827138229788e+00,-1.446016941771628872e+00,-1.155791861401060494e+00,-1.070921256468081673e+00,8.562336309492883935e-01,-8.272876825331410000e-01,9.074293020269283971e-01,-9.917794305656183473e-01,-1.121932950720482408e-01,-9.460434312627917786e-01
-3.874209144748670397e+00,-1.672598419643671397e+00,-1.779158230378827810e+00,3.025521066632250733e-01,2.487423491556721711e-01,-1.305019065762653474e+00,7.685270659468022014e-01,6.057557613284225706e-01,-3.245457942125917206e-01,1.566365455568419884e+00
-9.017395118876768478e+00,8.179138798205848326e-02,5.962805008203077017e-01,-1.740172725810052778e+00,1.581442461301134639e+00,1.940680483034626924e+00,1.083322184324949422e+00,5.491484014848156958e-01,-4.088663524413997941e-01,-1.716285153629005578e+00
-1.253152442286092683e+00,-9.262422422171180669e-02,3.608706883042190339e-01,-7.485033355004890032e-02,2.366727799551394118e-01,5.919140543210207883e-02,-1.081967610669204161e-01,2.902411481835679430e-01,1.113242926944467970e-01,-2.152785767771684192e-02
-5.045648179795252375e-01,-5.111654686448023899e-01,-8.823946177629143905e-02,7.026319844128103842e-01,3.747360634310176186e-01,-1.451152829643888253e+00,-1.096682738568664078e-01,4.091196226754505449e-01,5.692271679289917508e-01,-5.258598411792737570e-01
2.713011818727228075e+00,2.069248048256502048e-01,-1.968022824528718739e-02,6.816486819002409714e-02,-1.611858174778577762e-02,4.844211494963176351e-02,-5.385025297795783400e-02,-1.102052073541469751e-01,6.562117549470744549e-02,1.218932440731657352e-01
-5.457275514573505681e+00,-1.763706262317094320e-01,9.760657246706292423e-01,1.624495282032638155e+00,-1.134372558068354797e+00,-3.299659225635075965e-01,-1.762802811096600974e-01,1.887186942197279504e-01,-6.479769270516368973e-01,-6.732218681720334441e-01
-9.473311876277978882e+00,1.366436460871791825e+00,3.457920754413980613e-01,-5.055637784438653526e-01,-1.375233324460596596e-01,-7.143349163076060382e-01,-3.631633151631178391e-01,-1.654129247446907591e+00,-2.584190841160178387e+00,2.954222797484751695e+00
-1.363091027529182986e+00,-5.910971142479539697e-01,-8.115887510225058277e-01,-5.069642900013140441e-01,1.281333031843645998e+00,-2.273378725208312010e-02,1.298665770282118714e+00,-5.180422061613091378e-01,-3.091285097595007358e-01,6.188296894497967715e-01
-3.093795820366413984e+00,-4.638673976510500618e-01,3.739601104280666499e-01,5.380354287003425995e-01,-1.785468980072233980e-01,-2.765092650331224533e-01,1.601283673341679370e-01,5.811585422578544602e-01,6.129538020776033047e-01,-7.724596542370023577e-01
-8.662027635603127829e-01,-4.783230605537410751e-01,-3.469901678429124781e-01,7.604065641155491884e-01,-1.321888605168175745e+00,3.827056601605980934e-01,1.655666624025973477e-01,2.102826446931626569e-01,-6.050949329890836781e-02,9.501754818484251519e-01
3.061251930679888211e+00,6.521234765867692240e-02,1.000055917704206591e-02,2.682440295293921917e-01,-6.322638671493147067e-01,3.543893862831908326e-01,-3.850953999129096417e-01,1.642388340544269909e-01,1.527095885871743441e-01,-3.271055725041548401e-01
9.794982354968981286e-02,2.302664695291426478e-01,-1.735323417248818834e-01,-1.394430079752602691e-01,-1.130079953957616734e-01,-2.290417270260716037e-02,-3.003444575390885191e-03,3.727022077962391378e-02,1.186453930172991778e-01,2.469539290675708612e-02
2.480944511889818571e+00,9.715480292101354998e-01,-1.002807710405274610e+00,-2.508408390458671811e-01,-7.608595576007143313e-02,1.459180935349765118e+00,1.136957588351794057e-01,-1.485865099109218157e-01,-2.854764712122606074e-01,-9.178450743637742160e-02
-1.872159693010912118e+00,9.956441424147154107e-02,1.007620887564474876e-01,-7.765323577738277028e-02,-2.455845790125221750e-02,-5.349028005579786055e-02,5.541726015217045970e-02,-4.109486638400203923e-02,1.085159428519015361e-02,2.515456524131068090e-03
1.378301545167563091e+00,9.074278724796385198e-01,7.428934218874175821e-01,-5.736425798195970982e-01,-4.795392283270694112e-01,5.513631048438832200e-02,-6.176578534567606082e-01,-3.746326340468130733e-01,2.407867631533947006e-02,1.368110010927704012e+00
1.339638945939512826e+00,1.957607316842964185e-01,3.270137144047648159e-02,-5.013676996781512435e-02,-6.137100821354379149e-02,-3.453224502076019525e-02,-4.476078113359337196e-02,-3.761460632343274768e-02,9.464973430361088569e-02,1.392376990191895132e-03
2.572383976025211183e+00,7.361262889871136306e-01,6.208562962207783142e-01,-3.620225976363561915e-01,-7.950304267726681084e-01,1.035709981401881363e-01,-2.807081132792182410e-01,7.714405505490491699e-02,-4.020100857897204727e-01,1.292110949033641043e-01
3.204634725949728313e+00,-5.456380571235354138e-01,-1.053556249481285706e-01,5.865653287588783460e-01,4.371869243694153639e-01,-8.806906100544080462e-02,1.169480177934388437e-01,-1.823359104146545784e-01,6.531983399019489211e-02,3.167359685246810552e-01
1.682489163518575248e+00,6.373838417882421448e-01,2.337899864650249959e-01,-4.372640196895853926e-01,-8.702276161195506010e-02,3.767592865576878114e-01,1.655567709692074840e-01,-1.739253652201296074e-01,-5.341116545836203933e-02,2.497280605090403671e-01
1.183392692456218143e+00,1.120093571504843094e-01,-2.165021873632000382e-02,-3.256898152193161977e-02,-1.542188065045833056e-01,2.622068678436721700e-02,1.404163751203559851e-01,5.225159866309742746e-02,1.127044466624504276e-01,-3.811355790062574689e-02
1.694463650253125175e+00,6.247178175302687819e-01,2.393321936091127589e-01,5.692525501366704210e-01,1.540710753991600124e-01,1.069468485482938158e+00,2.843518113667580782e-01,3.271255373454929893e-01,-5.162414643059874964e-01,4.490489438994270666e-01
2.936012818409495573e+00,-3.730925494334771386e-01,-5.374254921274798091e-01,-3.755788111774218119e-01,-9.087814888214884590e-01,-3.327918630417612822e-01,-2.092809185750968137e-01,6.083577195202443111e-01,-5.499174192695726049e-01,3.335705484030984103e-01
5.118027365173719589e-01,-5.067156612841586805e-01,-2.077934972308987938e-01,5.149295409066035889e-01,-8.940876584381866055e-01,3.467985904979613565e-01,1.200943465302553581e-01,3.190352659856628414e-01,2.145728784982150472e-01,6.188092607698323366e-01
2.008730580367322549e+00,3.142405276060731834e-01,6.311986464016133835e-02,-2.878167761568877769e-01,-1.177902178810230349e-01,-6.912341410619346482e-02,-2.311227258102085957e-01,2.399380853179291506e-01,2.561368011208186093e-02,4.098120904940453779e-01
3.028868008155207736e+00,1.253332619213523291e-01,1.928113430941361464e-02,6.081168577381174806e-02,-8.128005556275315346e-02,-5.690541253907769291e-03,-5.111848425807806462e-02,2.162087806755070771e-02,-2.606013145197281708e-02,-4.661954282640636688e-02
1.936636484543983405e+00,1.762481824174484679e-01,2.306765208959014324e-01,-7.317493006178320269e-02,-4.388992547334061300e-01,-1.465809305666412876e-01,1.512595709478317674e-01,-4.727986046838550949e-01,2.038106417678324789e-01,1.756745855416518287e-01
9.441731203156429608e-02,6.741579155642646488e-03,3.223601798757510517e-01,-1.724453183582568827e-01,4.314977437374657443e-01,-1.946398868521780415e-02,2.698441067581269226e-01,-3.261661225252878160e-01,-3.288084396280857580e-01,3.811840681860927948e-01
2.286882700871803120e+00,1.141556993208544570e-02,-2.591926766744878097e-01,-7.894942450216103913e-02,2.021898836047355263e-01,-5.547350527765623762e-02,3.168149920944963727e-01,-2.690239814224787973e-01,-6.812429838928478476e-02,1.839871178898377646e-01
3.770762302256488452e-01,2.030818349385532795e-01,2.113716215892432471e-01,-1.868262547026603229e-02,-1.064200720879940887e-01,1.442892867049817666e-02,-7.272008394830897782e-02,9.337529105005072660e-02,1.714046844093875324e-02,-3.570180945648337989e-02
-5.206036403215395403e+00,1.150726764970531946e+00,1.528772670497330621e-01,-4.199670726492993889e-01,1.213053990582018793e+00,-1.206234514906721955e+00,-7.881570576713787801e-01,1.284209748025529674e+00,1.197066836946918178e+00,8.837216315092254471e-01
2.372672331885766539e+00,1.336786218977489560e-01,6.313635008496071288e-02,-5.818524017983799611e-03,-3.328115009410068104e-02,-4.152355499024002611e-02,-6.451022799856030721e-02,8.110313157605077497e-03,5.813442000232049017e-02,-1.081942375949844666e-02
3.941444819639880581e+00,-1.390063207532238609e-01,-1.201918437564671177e-01,4.202400389975101125e-01,1.763068107862728329e-01,-6.395851760842690137e-01,2.498563216005972743e-03,2.741575216667624382e-01,2.870680402618590032e-01,-3.516095036872913249e-01
1.430197834543454061e+00,3.725595499498730589e-01,-2.448030110224425904e-01,-4.439934178095167328e-02,-1.119516199987449362e-01,-3.598777570398747350e-01,-3.618828767576139083e-02,-4.335644349869530734e-01,2.093209226984575622e-01,-1.157623726407974452e-01
1.009376792990726912e+00,1.731624685199817382e-01,1.663388393491838091e-01,-1.484106071121985559e-01,-1.468517827661525166e-01,1.124885447059808669e-01,1.556110505186713844e-01,-2.569441151565002857e-01,2.654045328300022599e-01,4.872743753693860591e-01
1.974218827044122992e+00,4.708297503101268600e-01,1.978063858015614018e-01,8.474586414594985351e-02,-1.946744478449775606e-01,2.263852888924496320e-01,-2.912078206446734319e-01,2.207746578724618380e-01,6.628082183700792496e-02,3.888314297168053435e-01
2.022565867234508374e+00,5.115140109880125102e-02,-1.260059795377420355e-01,-7.199313762249091864e-02,-1.653157255181173513e-01,3.266230280011186426e-01,-3.163404162120382612e-02,-2.569906098744829115e-01,-9.031615726013266648e-03,1.535909462740894238e-01
2.429667247570904465e+00,4.062867879578456742e-01,5.563068134249719160e-02,1.379686192018250365e-02,-2.000454201303476440e-02,1.129116131756951330e-01,-1.281072308470679044e-01,-1.469903724751446261e-01,-7.657256881978688479e-02,-1.629203227364643680e-01
1.229788376083626567e+00,2.613731625854324725e-01,-1.735133633823611743e-01,2.365804731386260684e-01,3.302453436119858875e-03,6.770834701782262044e-02,-1.795939368980709605e-01,1.141726970729292079e-01,-1.411363071405760672e-01,1.125903416795208667e-01
1.772049685397548480e+00,-1.306735106240962119e-01,-8.443744742974269857e-02,9.358124726643365920e-02,2.410045306448891506e-02,-3.205899016909447008e-02,-7.665194568370867212e-02,-1.321673921275292596e-01,-7.986116523548526802e-02,1.229008624787651521e-01
-3.882977974438664437e-01,4.324546946976980388e-01,-6.214032714544314162e-01,1.983372100606808353e-01,6.805659129071649494e-01,-7.198534952622177574e-01,4.621383592359636083e-02,-5.807263067266960066e-01,1.053893165975362756e+00,3.427018901797492245e-01
-3.004504879119049399e+00,8.163026575888455705e-01,-7.199060363219405012e-01,7.224127645837764566e-01,8.294310348996282167e-01,-2.351786243681205368e-01,-8.708281894992411787e-03,3.113452583365685089e-01,-4.618220712308952480e-01,-4.530131149888770858e-01
-1.515163221642066382e+01,-1.497062851859939148e+00,7.717178478810955422e-01,2.598741694264459667e+00,8.884341438678046154e-01,-3.307742875299373608e+00,1.934271703841850876e+00,2.349108914259784520e+00,-2.782836542933499469e-01,2.906211035104531604e+00
4.151018769888306537e+00,-2.519572421970741605e-01,-4.683369322469658202e-01,-2.437404789243098335e-01,4.423922646490034971e-01,2.706929503334189538e-02,6.379205140901020865e-01,-4.571364092526856715e-01,-5.343209935323594423e-02,2.282232259939840358e-01
1.796014273106964376e+00,4.180428231592583366e-01,3.247126850265914522e-01,-1.808208773610417985e-01,-3.100874243445727041e-01,-3.355507167020868597e-01,-1.085602384991113389e-01,-1.135381901665994536e-01,2.377816721404248101e-02,-2.585319039231174787e-01
-2.358986681864202239e+00,7.138284848530995763e-01,3.205464285823408366e-01,-1.439999690199691984e-01,-5.171668833714417879e-01,-6.552903962929000903e-01,1.200277561873970944e+00,-1.985667341610338754e-01,-3.392479360690336954e-01,1.956299430176687559e-01
-6.084961469539083012e+00,-2.039911472688933358e+00,-1.176201038696944812e+00,8.866257884026983449e-01,7.980604212992307156e-01,6.994263840169276936e-01,2.895227825833944113e+00,2.640021341718000805e-02,-1.012974773614326585e-01,2.039724754713446053e+00
-9.392921791437535139e-01,-2.033107004015221875e-01,-7.853008543225666882e-01,3.408641578059118382e-01,8.542069109423250373e-01,2.517695943370376055e-01,1.214499566061117086e+00,-6.959819294289983915e-01,4.777008133399454626e-01,9.314080813693633720e-01
-2.533970318429736857e+00,-8.358028133990190733e-01,1.262775817012105062e+00,-6.776945821535054204e-01,2.304905889048345924e-01,1.318967521804049747e+00,-1.242549761372938599e+00,3.397073683179866604e-02,-1.107946965831724251e+00,-8.385349768821319660e-01
-9.940089592359954151e-01,1.912098374115628330e-01,7.633172243407767565e-01,3.440736838825834698e-01,-5.682844107365307984e-01,-6.114975059009793990e-01,4.418482534234041692e-02,-4.764016569353658470e-01,5.811563965343518046e-01,2.475544822341592399e-01
-2.024136002153601677e+00,6.947516123422199374e-01,5.991033434950666231e-02,7.955606528611302020e-01,4.479919409822071819e-01,-1.036920896574107909e+00,4.059166462058652614e-01,-1.284916585018948343e+00,1.715045185211372114e-01,-7.157115547631901498e-01
-1.692581546874487142e+00,7.764224154609887796e-01,8.934287856747576972e-01,-5.681880052169223649e-01,-7.926009631951674850e-01,-6.383003428658871048e-01,-7.874499842061426225e-02,2.956835753112621035e-01,-1.438079124380461926e-01,9.409542460913784545e-01
7.878870630096332928e-01,-7.857984018453966213e-01,-4.474942450529015292e-01,5.773129846520347330e-01,-1.416795233047364599e-01,1.388832312277297754e-01,3.109763769962328728e-01,9.744410884392659122e-01,3.734309576361342642e-01,-3.836532097814853159e-01
-6.942405784600024221e-01,-1.088869550350355375e-01,1.261959918284652371e+00,1.414800923714571557e+00,1.113128296529082073e+00,-2.619861913439860412e-01,-1.429576317697931753e-01,1.568431356255787446e+00,8.590021261186706614e-01,-8.428207722623357601e-01
2.088050298630154789e+00,-7.996074086445859042e-01,1.129573319793705011e+00,2.827258692580436605e-01,-9.773623983880656008e-01,-9.349185950506232190e-02,-8.802756599505420221e-01,-8.013767267337958966e-01,7.620706506896198773e-01,9.524630863155670868e-01
-9.245987930683716272e+00,-1.895182240992439704e+00,5.760815795672361017e-02,-4.735508847664389620e+00,-1.935791335411883196e+00,-1.889803121922487117e+00,-3.241322639928004179e+00,8.667697336322330304e-02,3.010995434031118467e+00,-1.439739474503318073e+00
-7.989320319722977015e-02,1.877524685889541411e-01,5.825240717114923417e-01,2.043804416950073255e-01,1.219309152927372103e-01,8.574657761431608849e-01,-5.090932249551012589e-02,-2.013346003095394521e-01,4.178498499173303737e-01,-4.770298436295895561e-01
-2.739264721756342821e-02,-9.552110808325743330e-01,-1.375104177625095847e+00,-1.192123496523165960e+00,8.005702993374004262e-01,3.666751561934178949e-01,1.167962614050381820e+00,-6.339353907874798466e-01,-1.736713190909406235e+00,6.909194819494645090e-01
-4.894716780140788259e+00,7.357741075104927697e-01,-8.826511127891409347e-02,-3.594639308221948548e-01,6.012423721480151251e-01,9.557580938359322431e-01,-9.569618810588590430e-01,3.857017189016782172e-02,1.060094295335524794e+00,4.835548490744116523e-01
1.331040115751342290e+00,-4.999939183395947229e-01,1.045568460089572493e+00,-6.796870454448911136e-01,1.681465351337224634e-02,5.236348839460419624e-01,-1.202892353319656937e+00,-3.574960511624295650e-02,-5.486785190741736429e-01,-5.698692481865711423e-01
1.079291387510193490e+00,-1.315256252412436266e+00,5.756556250308125788e-01,4.353553776750787585e-01,6.817171109880543201e-01,-5.734370021714257915e-01,1.800667918805809675e+00,-2.802984186889597162e-01,-4.058813278233711630e-01,-1.104903421664929164e+00
-1.163482041359398533e-01,-6.265855507885406128e-01,1.944357630020432659e-01,-4.937528913166726041e-01,9.351227580966375852e-02,-1.414901504831250247e-02,-1.312353991889677607e-01,-7.141282162016687751e-01,2.777372586763822704e-01,-4.983422222362292042e-01
8.208665281512651513e-01,1.729014788632695643e-01,1.045404332096630667e-01,-8.422959752529141086e-02,-4.920083632314126848e-02,2.879107832477933310e-02,-3.559169487970040291e-02,-6.266034444669606185e-02,8.076086962779095713e-02,-5.803792165422314020e-02
-1.423378515785230114e+00,-9.733452267161082361e-01,-4.167154007356758116e-01,-1.061958760096738619e+00,-4.055508930171006776e-01,5.800520336927731391e-01,1.463648112651063649e+00,9.752963001245396057e-01,3.715277828390711745e-01,-5.999175850037296032e-01
-1.068776623476330734e+00,-7.979655250287195356e-01,-1.422583971143117909e-01,1.323994758856719134e-01,-3.989001552291302488e-01,-4.420750920271433460e-01,-1.757901662845480495e-01,-1.810131070230388273e-01,-2.633836661514467603e-01,-3.994152511332494521e-02
4.174531595578823584e+00,-3.986071811931141996e-03,6.643670399336862320e-02,7.944630284906525897e-02,-1.518036355566775193e-02,1.488067896400732150e-02,-1.223064885027258658e-01,2.136753042786378523e-03,-4.319861689739731142e-02,-1.079012142712747722e-02
-4.994847572219505288e-02,-1.022657670863449386e-01,-3.166867640038990017e-01,4.982798542864812497e-01,-1.764247154207595480e-01,4.101381600382090209e-01,-9.701722928492330089e-01,1.313869528102396211e+00,-1.425144030329669742e-01,1.060902797146087595e+00
3.780361986409797481e+00,8.098559804849116972e-01,1.406998006835363975e-02,-3.782585266500616550e-01,3.711140185294359850e-01,4.690300048751572803e-01,7.013245190126642103e-02,7.789585145618217743e-02,-1.560741348953349761e-01,-1.167081345780787566e-01
2.066274561403899368e-01,1.089832667087261842e-01,-4.620216423186708776e-01,-6.075557559102843230e-01,-2.893660243934482318e-02,5.238566400402266954e-01,-5.095850061709598089e-01,-7.911030031459630185e-02,1.975177454500747984e-02,-1.759664226788939245e-01
1.367812521416591265e+00,1.758337463927678868e-01,-9.347152379958462154e-02,5.644500439263528541e-03,-5.036734608327166907e-01,-8.301873069295306884e-02,-2.036366280619834324e-01,9.741171968662826197e-02,1.321360276069090400e-01,4.087588059431729315e-01
-4.877243091906911410e+00,-6.955215720463366891e-01,3.397793281787709341e-01,1.032550582319886390e+00,1.686091495357084150e-02,-8.991341420829359610e-01,6.856570313364100944e-01,1.971055814249950133e-01,2.494411074333831024e-01,1.206448326881722322e+00
3.640581386410476905e-01,2.974680236302885139e-01,9.709422469205515605e-02,-5.732187217012288394e-02,-1.252477200337056076e-02,-3.723989699290990163e-02,-2.524280751006196307e-03,6.454957774614827892e-02,1.268522204741058257e-01,4.495413946924452231e-02
-3.971426273118474626e+00,9.746301364416931623e-01,-5.872535827645982559e-02,2.005175566794901720e-01,9.784350304606961868e-02,4.500843570981517550e-01,1.902858934446589600e-01,8.094816843614852792e-03,7.034645311624386776e-01,3.103610343138879513e-02
1.535124777742700730e-01,-3.639433276573204173e-02,-3.338029536152969379e-01,5.477097606596122992e-01,4.297139353283930402e-02,-8.282913221885458421e-01,-2.219778578334904162e-01,2.293755651174941845e-01,6.159092491942260716e-01,-3.639245814827875569e-01
-2.889321827429583767e+00,2.339825131376447764e+00,-1.110556497728983683e+00,3.000000235822117278e-01,3.111274005412559274e-01,3.741590238274111191e-01,-4.467861773052629881e-01,-5.012703082934208965e-01,1.045650895307286943e+00,8.873188895792587516e-01
-7.756105237609653980e-01,-2.915973095327995535e-01,-1.125664703048729343e-01,-6.401604815056146647e-01,-2.506115160780465478e-01,-3.992791777792031871e-01,-1.682684823143269226e-01,3.750251326905353899e-01,2.614350200011556491e-01,-2.111131232723357787e-01
4.234360731181353366e+00,-3.004297613483858376e-02,4.055077786129241378e-03,-5.890628306331299746e-02,-1.139062179690061806e-03,2.997176065471950437e-02,-1.065988675302702859e-01,-2.483192654424124651e-02,-5.445023382379686472e-02,-1.102488105479161595e-01
-2.843535656511610554e+00,9.388425451695860957e-01,6.895785106074995285e-01,8.871886412463791949e-01,6.766724737276258450e-01,-3.301620909322121045e-01,-7.244002076179162364e-01,-5.360734642897290181e-01,-6.740229587747135209e-01,-1.272367022417058902e+00
1.430641786560904460e+00,-2.893955213820431638e-01,-2.438592611372155661e-01,3.492372149173018636e-01,1.216502451903891946e-01,-5.720914032018912243e-01,-5.705604156491404094e-02,-3.085969215752081343e-02,-6.040122607132647481e-02,-9.438192667216727116e-02
3.437521165501898679e+00,2.028573146372734948e-01,-5.652777905329291475e-01,2.652525630304354287e-01,-1.747624280456756482e-03,-4.173063287021661766e-02,-1.797269387511944705e-01,4.776675847237216860e-02,-4.871115748838110160e-01,7.452586759248441828e-02
3.315536902574302558e-01,-3.737516672309260969e-03,1.603113220076843592e-01,-1.291746609679920443e-01,2.135134377145270212e-01,-6.621214480448495143e-01,5.631465937603603172e-02,1.052269640860833827e-01,2.654589156364009495e-01,-4.423545618133811752e-01
6.748332429233717678e-01,1.485651205543279604e-02,1.137785570254969736e+00,4.256647990792474801e-01,-2.440335630017493873e-01,1.600799939320603216e-01,-1.666451562208049741e-01,-2.217589826380854112e-01,-1.505705364848949623e-01,1.988294756371300487e-01
-3.473783864982493141e-01,1.573983755937911344e-01,-5.068797547085002880e-02,-1.028182595694917267e-01,-7.535417927236770508e-02,-6.652061029134868908e-02,3.926018242794863944e-02,-1.675002536875372025e-02,1.102972476589851730e-01,1.010581328556230396e-01
-4.916912642087521434e-01,3.111256263676780986e-01,2.246757812730048598e-01,-1.504777833438706615e-02,-2.240296398785377729e-01,7.637319384286316015e-02,4.244434129267759537e-01,-4.203396817298827304e-01,-4.369519738897616468e-01,-3.476456245863506801e-03
-1.168210615899752786e-04,-2.596477889074323420e-01,7.232993337919106924e-01,5.131268136203667174e-01,-8.715462357370674651e-01,-3.525700775075786830e-01,-7.489973604749608493e-02,-5.783706276054403350e-01,-1.162182344599936405e-02,-4.726173296641749677e-01
-4.425532515739750150e-01,-8.645014337596975684e-01,-6.285783178796877646e-01,-6.035996115984946231e-01,2.185293767047319091e-01,4.896173736438010904e-01,2.496965066903377384e+00,-1.031272853091761005e-01,-6.126088941205792837e-01,-1.322030508865189136e+00
5.404713484259042466e-02,-5.461939800873234496e-01,1.341794773371549843e+00,1.314687693309792016e-01,5.103417669073829765e-01,-4.657796707482956267e-01,-2.358411740586431327e-01,3.363262850284562400e-01,3.675731310448095424e-01,-7.612202842006396963e-01
5.068081948147031390e+00,-1.697002082170651072e-01,6.928902486377655490e-02,3.750758193746256408e-02,-2.854467021892683198e-01,5.891465185004767652e-02,-2.628933071418792511e-01,1.066804933096473021e-02,2.351944537265665894e-02,-1.913048839347908092e-01
-1.888589006956598731e-02,-1.613397580016033839e+00,1.656337448988901118e+00,-2.415633614576602195e-01,-1.175996541880981461e+00,-2.881829111189073145e-01,4.298906264156881485e-01,-3.264714831495663661e-01,5.292279359533955674e-01,-1.211503959041640766e+00
1.965686405491779531e+00,2.381645557925354817e-01,2.145909490735822822e-01,4.292616219739096850e-02,-5.242184559684918282e-02,1.845993608315234791e-01,-5.050306720740401628e-02,2.596342164848083334e-01,-1.502943376774518169e-02,-6.326418447128512312e-02
-8.904239512028245818e-01,-2.778267687210391190e-01,9.464242984993865848e-01,4.419042415071974261e-01,6.628893268073137168e-01,-8.156344619493243187e-01,-2.456103095886971038e-02,-1.851467051541272058e-01,1.762293116318001396e-01,-4.118247713432789947e-01
2.501865885691846536e+00,1.272319430419033837e-01,-2.710285368333004152e-01,-2.229397833142663932e-01,5.043484930752378803e-01,-3.694945914088632599e-01,5.342841798038235890e-01,-3.677614105836732317e-01,1.526701412110121996e-02,4.741311211213041776e-01
-4.526565751104883462e-01,-1.294441759896678201e+00,5.967250876914420576e-01,1.459707734090865128e-01,1.348634035882983140e+00,9.503443719784279153e-01,-6.546170408903842497e-02,6.544701121052574067e-01,-7.371075138151762518e-01,1.522257150996616071e+00
-4.740982544840679491e-01,1.915452335428564634e-01,2.582045891497040946e-02,8.248798167325548103e-02,4.551879055630089210e-01,-3.129807428175108153e-01,3.544523901687781642e-01,-4.646991834547942735e-01,4.213223598163674533e-01,-8.203533962478325170e-02
-3.541091008728535772e-01,-6.248942946652584762e-01,-4.938493667839297663e-01,7.937783388818764330e-01,1.271299578194843294e+00,-2.890135779967433760e-01,-8.225143062758586421e-01,2.779478058199531532e-01,-5.096886336616812674e-01,-6.282281901974501315e-01
-4.357434681255730191e-01,1.459984694254502280e+00,4.171332071635722345e-03,-1.543384171402722549e+00,-7.672220558362690124e-01,8.863326891425208354e-01,4.764305603118160759e-01,-1.039866295105914329e+00,9.370392217261679368e-01,-9.749520700183488264e-01
1.347693299336892414e+00,6.290840480344998820e-02,4.162853155873066924e-02,-8.685976143661450211e-02,-1.802295278897860509e-01,2.928324698069456611e-01,-1.945690677327669149e-01,-1.371407810397063387e-01,-4.245024674658940955e-01,-1.728374713737119428e-01
1.252582973826545043e+00,1.068383405596217417e-01,-6.180685479663962090e-01,4.230354254409176007e-01,-2.132174877724122564e-01,-5.142354666245494421e-01,2.002040625845711019e-01,-1.807602226985144112e-01,-2.175685554147507306e-01,8.497155428140026889e-02
4.152507688575371780e+00,-2.788587057939617142e-01,-2.632484682970784862e-01,4.757790758540634268e-01,-8.314099895087907477e-01,2.223007814635889479e-01,2.819008369511263878e-02,8.611178604220294519e-02,-1.459475370064970134e-01,3.593232368121800913e-01
2.275379885377494915e+00,1.593768429054553959e-01,-2.153087067124474507e-01,2.431262984170010633e-01,9.693422309567979733e-02,4.000466304817938967e-01,-2.319935679467776402e-01,-4.531436693553876627e-02,2.508634485864287833e-01,-1.113175263935336640e-01
1.948579480338574532e+00,3.960110794374414600e-01,-1.053330464429712149e-01,-2.771106174827681068e-01,-3.182951361205547114e-01,-1.429569303361399313e-01,3.144367390524315797e-01,1.886404187160772572e-01,5.344083340930816384e-02,1.229207761173853330e-01
2.238039536053043399e+00,1.199592940199508961e-01,-1.130872977824735198e-01,-1.164448412995174875e-01,5.608661708041910721e-02,4.008493491685337085e-01,-4.049733010324370053e-01,-1.771419160392995532e-02,-2.805018840549619238e-02,-2.485820325819826371e-01
1.473842604374033360e+00,6.477493198208432446e-02,3.045168884340502813e-01,9.279602640305606442e-02,3.183830800846965126e-01,-3.769489385191358843e-02,6.176079691241020964e-01,-1.531265443122137859e-01,-4.208051905033041162e-01,2.516843956195488063e-01
3.985788165314883003e+00,-1.059868468017797216e-01,3.783707930611156511e-01,-7.398022988643788711e-01,-4.352951238856079819e-01,1.284528283700566154e-01,4.191722656932672653e-01,1.112094011391989490e+00,-2.989965052111617783e-03,-1.272014603240332331e-01
-4.309257782038229401e+00,1.150054268285567727e-01,-1.025783045812784566e+00,-6.031705222429537550e-01,3.134457048003449486e-01,9.260835778084642866e-01,1.403367655932216351e+00,1.025270167282994027e+00,1.923586787833539979e+00,-9.540429408591636351e-01
9.182470280662755613e-01,-3.483430136734536053e-01,-5.329119809312423683e-01,-1.075788607214509945e-01,-9.797276959656006645e-02,4.201481814445200968e-01,3.200566868479679528e-01,3.619334973283828694e-01,-5.203494084004076647e-01,-3.329324345794325568e-01
7.568647007994430131e-01,-1.132144022368606340e+00,9.732863180501700739e-01,1.016705213913457806e+00,2.310280927703070308e-01,3.143282396942525536e-01,5.281637708238524215e-02,9.395853022099177609e-01,4.125353641093403856e-01,-3.756396218933821252e-01
-4.435466000858410140e+00,-3.134870224766528324e-01,9.261035145344544139e-02,-2.318110263345480593e-01,-1.889452452436273799e-01,-3.931036392917694466e-01,-7.318760530693464439e-01,-8.469004574000280616e-01,-1.200772038340921916e-01,2.766528812597819978e-02
-8.600059334384247967e-01,1.240584580429014094e+00,-1.098305406824824582e+00,4.921053229758672320e-01,6.044166659085276061e-01,-7.210958462811865033e-01,5.117757670309147633e-01,-3.314476608340751751e-01,4.018058450117427682e-01,3.866975476661940192e-01
4.127677849571036006e+00,1.402235933941639312e-01,-1.161147455620243317e-02,-1.347029699737999769e-02,-7.804749459082133134e-02,-4.371771912338202892e-02,-9.979221279462555105e-02,-1.256691412069730653e-02,-4.041933618786183909e-03,-2.692573352128781183e-03
5.650667155165977285e+00,-1.276055767753056236e-01,-4.315450821229612766e-01,2.286053049745512822e-01,2.473234124374062426e-01,-4.265201645396590052e-02,-1.763712437789712595e-01,-6.281112141212126347e-03,-3.019702305041769286e-01,-2.731116772639103907e-01
6.826013142220420660e-01,2.874260856850372470e-01,2.863845400495528826e-01,-3.859273305650908759e-01,7.515503068439788326e-02,2.156807763826241731e-01,1.332790066580029908e-01,-2.789473351668798062e-01,6.073651892927786067e-01,1.477896944159729498e-01
-7.840208680334408153e-02,1.662683853691554470e-01,-3.030475754441402936e-01,-5.219333615177055297e-01,4.076876384692952604e-02,2.038016297176363234e-01,1.829468687852605358e-01,4.841765710688951119e-01,3.367630677691721974e-01,-3.244659096723933600e-01
1.435888202917350531e+00,-2.228614650476300751e-01,1.700315705568434532e-01,5.379418509474612753e-01,-1.848174785211826043e-01,1.525145121403886361e-01,1.362638884909910530e-01,-1.531138115870946947e-01,-2.338138912709234185e-01,8.905952552119032750e-02
-7.397146788603243817e-01,-2.495774055881599396e-01,-4.378548810654473988e-01,-3.556659597132253992e-01,-1.153197404802994847e-01,-6.306444938965936053e-01,5.130978762195695930e-01,-2.465248215325404890e-01,2.618635980552675227e-02,-7.935440765074214253e-01
-2.257109165470747580e+00,7.493794147356236390e-02,4.451041911041083154e-01,-4.417197728914296628e-01,1.088214409153851703e+00,4.494268525534267367e-01,1.039043258973604944e+00,-4.665622433018285498e-01,-1.014783976041065072e+00,3.920548781326674836e-01
1.935027085772642597e+00,3.177221438364910555e-01,-2.446074069183294397e-01,-3.323846882824820770e-01,-8.872080538740694244e-01,-3.559067092882944872e-01,-2.695924320519754169e-01,1.501365282248643199e-02,-4.998177591382342855e-01,-8.108149669478585952e-01
2.685613605231489953e-01,-1.024328268551834675e+00,1.980982839044780341e-01,2.586710446898491944e-01,1.137007774524501302e+00,6.592151317094634491e-03,-4.415734825347209652e-02,1.259163093509345410e+00,6.755748205103032644e-01,-8.040380079061721919e-01
-3.159190622189586684e+00,-1.245641377787533255e+00,8.021111093478975329e-01,2.254500088463447793e-01,-3.820367745922879643e-01,6.297109988369424816e-01,-1.073741581689707569e+00,8.287216472019369728e-01,-1.581548271839988140e-01,-4.382731672821759128e-01
-1.821791956200512042e+00,1.925350581435548991e-01,-1.067655314235879782e+00,-1.233524630327410110e+00,1.251628186996243119e-01,-3.209599077115134480e-01,1.049536911675734485e+00,2.123426624786707018e-01,-3.462307758978775407e-01,-1.461541889312359066e+00
-1.266954807762704083e-01,-1.667002332277041532e+00,-5.737945930372216896e-01,-3.464924740317260610e-01,-1.150399720162787798e+00,-8.604328786879250623e-01,1.312912257562428575e+00,5.240664407075921183e-01,1.863629464438109895e-01,3.486843952719030360e-01
3.789060867363793772e+00,1.037792256269324809e-01,-5.701649100589318842e-01,6.494106507927519534e-01,2.049786998198575849e-01,-6.796628879175640181e-01,-3.022261811744539339e-01,-6.487709575877079193e-02,-2.729480070354558530e-01,-2.612891817452513421e-01
1.219850173910737245e+00,2.733801860215820945e-01,-5.708960197311138685e-02,-1.077746704913996184e-01,-1.179635134615327208e-01,1.831403433157844096e-01,-1.904447727533714885e-01,-1.808161043997047468e-01,-3.129746015682178389e-02,4.290329682131422545e-02
4.913051439028101597e-01,1.799635215634610985e-01,1.485008620937054435e-01,-2.022948511198831983e-02,-1.073791609840567818e-01,-1.451508641723792958e-01,7.749018004394504777e-02,6.461795453861932104e-02,3.588713186856204006e-04,1.737371171644655488e-02
