263.75, 259.75, 261.25, 263.0, 223.0, 268.5, 259.0, 220.25, 260.5, 258.5, 264.5, 268.75, 267.75, 262.5, 233.5, 222.75, 264.25, 265.75, 265.0, 448.5, 266.5, F
279.2, 277.6, 278.0, 278.40000000000003, 276.8, 278.8, 277.2, 280.0, 255.60000000000002, 276.40000000000003, 276.0, 280.40000000000003, 250.4, 250.0, 261.6, 261.2, 255.20000000000002, 189.60000000000002, 279.6, 260.8, 275.2, F
181.62162162162164, 90.81081081081082, 92.32432432432432, 91.45945945945947, 88.64864864864866, 84.97297297297298, 136.0, 181.83783783783784, 168.43243243243245, 91.67567567567568, 98.16216216216216, 85.62162162162163, 136.21621621621622, 92.10810810810811, 87.35135135135135, 86.48648648648648, 181.40540540540542, 179.02702702702703, 179.67567567567568, 90.5945945945946, 170.16216216216216, F
202.0, 207.0, 207.4, 205.20000000000002, 206.8, 198.8, 523.4, 205.60000000000002, 518.2, 523.0, 203.4, 203.60000000000002, 205.4, 208.60000000000002, 201.20000000000002, 349.6, 520.8000000000001, 210.20000000000002, 196.4, 488.40000000000003, 204.20000000000002, F
485.77049180327873, 490.62295081967216, 186.62295081967213, 299.27868852459017, 184.65573770491804, 325.77049180327873, 489.0491803278689, 490.09836065573774, 196.98360655737707, 491.1475409836066, 300.72131147540983, 487.7377049180328, 301.11475409836066, 486.16393442622956, 487.08196721311475, 197.37704918032787, 482.62295081967216, 486.42622950819674, 488.13114754098365, 494.29508196721315, 493.6393442622951, F
210.85714285714283, 211.42857142857142, 136.19047619047618, 420.19047619047615, 194.28571428571428, 210.09523809523807, 490.66666666666663, 524.7619047619047, 421.5238095238095, 420.76190476190476, 281.3333333333333, 209.52380952380952, 193.52380952380952, 419.6190476190476, 422.85714285714283, 278.2857142857143, 422.2857142857143, 211.2380952380952, 211.8095238095238, 284.0, 522.2857142857142, F
499.52000000000004, 498.88, 500.64, 187.84, 124.96000000000001, 187.52, 492.32, 162.24, 189.44, 494.56, 495.36, 500.0, 188.16, 499.04, 494.72, 497.12, 187.68, 188.96, 188.48, 498.40000000000003, 498.24, F
188.8421052631579, 186.3157894736842, 187.78947368421052, 188.6315789473684, 186.73684210526315, 187.15789473684208, 186.52631578947367, 188.0, 186.10526315789474, 187.57894736842104, 186.94736842105263, 181.89473684210526, 182.94736842105263, 187.36842105263156, 188.42105263157893, 189.05263157894737, 170.52631578947367, 172.0, 163.1578947368421, 374.9473684210526, 189.26315789473682, F
188.59574468085106, 184.51063829787233, 297.8723404255319, 187.40425531914894, 233.70212765957447, 234.2127659574468, 233.1914893617021, 184.68085106382978, 184.3404255319149, 194.89361702127658, 313.1914893617021, 312.8510638297872, 311.1489361702128, 194.72340425531914, 198.63829787234042, 499.2340425531915, 162.5531914893617, 304.3404255319149, 305.36170212765956, 184.17021276595744, 498.04255319148933, F
195.73333333333332, 190.66666666666666, 116.93333333333334, 547.6, 295.46666666666664, 196.0, 187.33333333333334, 196.13333333333333, 546.6666666666666, 191.06666666666666, 196.4, 292.26666666666665, 196.53333333333333, 551.6, 192.8, 189.06666666666666, 174.53333333333333, 283.8666666666667, 191.2, 194.4, 192.53333333333333, F
453.625, 200.75, 200.125, 216.875, 453.75, 218.5, 197.75, 458.125, 191.0, 296.625, 452.75, 291.0, 197.375, 197.875, 442.0, 460.0, 451.875, 197.25, 291.375, 296.75, 458.25, F
220.12121212121212, 219.15151515151516, 287.03030303030306, 329.93939393939394, 327.2727272727273, 327.03030303030306, 330.1818181818182, 292.6060606060606, 314.90909090909093, 293.57575757575756, 217.69696969696972, 291.6363636363636, 330.90909090909093, 326.3030303030303, 220.60606060606062, 288.0, 440.4848484848485, 220.36363636363637, 219.63636363636365, 292.1212121212121, 326.54545454545456, F
275.5121951219512, 488.39024390243907, 490.7317073170732, 273.3658536585366, 275.9024390243903, 183.21951219512195, 184.1951219512195, 283.7073170731707, 218.7317073170732, 273.7560975609756, 275.7073170731707, 482.5365853658537, 487.609756097561, 184.0, 275.3170731707317, 181.46341463414635, 489.3658536585366, 276.8780487804878, 284.0975609756098, 276.4878048780488, 487.0243902439025, F
260.2448979591837, 261.71428571428567, 238.20408163265304, 298.61224489795916, 237.7142857142857, 260.734693877551, 297.95918367346934, 298.1224489795918, 298.7755102040816, 261.2244897959184, 260.89795918367344, 297.469387755102, 298.2857142857143, 271.3469387755102, 260.4081632653061, 298.4489795918367, 237.87755102040813, 249.95918367346937, 237.38775510204079, 269.2244897959184, 297.63265306122446, F
469.9428571428571, 234.97142857142856, 473.59999999999997, 473.8285714285714, 235.42857142857142, 470.85714285714283, 470.1714285714286, 234.74285714285713, 469.7142857142857, 470.62857142857143, 474.97142857142853, 235.65714285714284, 234.28571428571428, 474.74285714285713, 473.1428571428571, 467.4285714285714, 475.2, 466.5142857142857, 473.37142857142857, 468.34285714285716, 474.5142857142857, F
103.37254901960785, 385.72549019607845, 372.3921568627451, 385.5686274509804, 384.156862745098, 374.4313725490196, 386.03921568627453, 385.2549019607843, 186.98039215686273, 386.6666666666667, 373.96078431372547, 103.2156862745098, 384.62745098039215, 386.19607843137254, 372.8627450980392, 374.9019607843137, 385.09803921568624, 384.4705882352941, 373.80392156862746, 376.78431372549016, 383.2156862745098, F
176.38095238095238, 102.09523809523809, 176.0, 177.14285714285714, 185.26984126984127, 240.5079365079365, 253.7142857142857, 249.26984126984127, 373.968253968254, 185.65079365079364, 256.38095238095235, 102.73015873015872, 175.4920634920635, 176.5079365079365, 257.6507936507936, 175.23809523809524, 175.61904761904762, 257.5238095238095, 102.6031746031746, 265.015873015873, 177.77777777777777, F
189.11475409836066, 366.0327868852459, 364.72131147540983, 186.88524590163937, 364.45901639344265, 364.59016393442624, 365.3770491803279, 363.93442622950823, 185.5737704918033, 188.06557377049182, 187.40983606557378, 195.9344262295082, 194.62295081967216, 366.1639344262295, 188.85245901639345, 185.8360655737705, 243.14754098360658, 364.0655737704918, 363.8032786885246, 189.5081967213115, 194.22950819672133, F
276.6315789473684, 199.57894736842104, 200.10526315789474, 201.78947368421052, 300.7368421052631, 270.6315789473684, 278.0, 217.4736842105263, 278.9473684210526, 265.2631578947368, 221.05263157894737, 295.2631578947368, 210.21052631578945, 287.89473684210526, 274.0, 269.36842105263156, 257.36842105263156, 213.89473684210526, 240.1052631578947, 203.4736842105263, 197.78947368421052, F
183.33333333333331, 185.11111111111111, 184.2222222222222, 184.44444444444443, 183.77777777777777, 184.66666666666666, 183.55555555555554, 175.33333333333331, 169.77777777777777, 184.0, 184.88888888888889, 174.0, 159.11111111111111, 164.44444444444443, 172.44444444444443, 168.44444444444443, 157.55555555555554, 167.55555555555554, 183.11111111111111, 170.66666666666666, 172.0, F
281.6271186440678, 281.22033898305085, 282.1694915254237, 188.20338983050848, 279.1864406779661, 281.49152542372883, 282.3050847457627, 232.8135593220339, 377.89830508474574, 189.6949152542373, 380.8813559322034, 175.1864406779661, 282.4406779661017, 282.7118644067797, 174.91525423728814, 282.5762711864407, 279.45762711864404, 306.9830508474576, 189.4237288135593, 281.89830508474574, 233.35593220338984, F
203.25, 203.375, 203.5, 202.875, 202.625, 203.0, 252.75, 204.0, 256.625, 203.125, 256.5, 202.5, 202.75, 205.0, 202.375, 202.25, 202.125, 203.75, 256.25, 201.25, 249.875, F
281.2903225806452, 353.1612903225806, 283.22580645161287, 353.4193548387097, 281.0322580645161, 281.6774193548387, 354.19354838709677, 281.80645161290323, 283.61290322580646, 284.0, 177.80645161290323, 281.5483870967742, 283.8709677419355, 280.7741935483871, 280.258064516129, 279.35483870967744, 285.80645161290323, 282.06451612903226, 278.96774193548384, 175.61290322580643, 280.51612903225805, F
234.83870967741936, 227.61290322580643, 190.70967741935485, 235.74193548387098, 235.8709677419355, 234.32258064516128, 237.03225806451613, 236.0, 236.25806451612902, 228.51612903225805, 234.5806451612903, 237.16129032258064, 225.6774193548387, 191.48387096774192, 234.70967741935482, 191.3548387096774, 227.2258064516129, 228.0, 226.83870967741936, 235.09677419354838, 226.70967741935482, F
279.8139534883721, 280.5581395348837, 278.3255813953488, 172.8372093023256, 212.46511627906978, 279.4418604651163, 280.74418604651163, 277.7674418604651, 280.0, 281.48837209302326, 248.5581395348837, 278.69767441860466, 186.7906976744186, 280.3720930232558, 424.93023255813955, 282.2325581395349, 262.3255813953488, 277.5813953488372, 278.8837209302325, 172.65116279069767, 239.44186046511626, F
251.52941176470588, 251.76470588235293, 253.1764705882353, 252.0, 253.41176470588235, 253.64705882352942, 253.88235294117646, 256.0, 251.2941176470588, 252.94117647058823, 252.70588235294116, 252.23529411764704, 252.47058823529412, 254.8235294117647, 254.11764705882354, 254.58823529411765, 261.1764705882353, 254.35294117647058, 265.6470588235294, 255.76470588235293, 251.05882352941177, F
77.65853658536585, 85.65853658536585, 216.0, 109.5609756097561, 76.09756097560975, 88.0, 87.1219512195122, 89.85365853658537, 95.21951219512195, 181.46341463414635, 87.31707317073172, 76.29268292682927, 77.85365853658537, 207.90243902439025, 86.53658536585367, 88.09756097560975, 98.34146341463415, 123.21951219512195, 98.2439024390244, 84.48780487804878, 85.85365853658537, F
209.7142857142857, 209.9047619047619, 196.19047619047618, 191.8095238095238, 210.28571428571428, 210.47619047619045, 169.52380952380952, 376.57142857142856, 190.85714285714283, 209.52380952380952, 209.33333333333331, 211.04761904761904, 193.14285714285714, 208.76190476190476, 168.57142857142856, 192.0, 187.61904761904762, 376.19047619047615, 211.2380952380952, 185.9047619047619, 194.28571428571428, F
85.89473684210526, 135.36842105263156, 135.57894736842104, 133.68421052631578, 85.68421052631578, 85.26315789473684, 87.57894736842104, 102.94736842105263, 135.78947368421052, 85.05263157894737, 205.68421052631578, 133.89473684210526, 106.3157894736842, 86.94736842105263, 86.10526315789473, 133.4736842105263, 135.1578947368421, 87.36842105263158, 205.4736842105263, 82.73684210526315, 106.10526315789473, F
88.97959183673468, 86.85714285714285, 89.14285714285714, 89.30612244897958, 87.18367346938774, 87.51020408163265, 81.95918367346938, 97.14285714285714, 104.16326530612244, 97.46938775510203, 95.3469387755102, 88.81632653061224, 85.71428571428571, 103.99999999999999, 90.44897959183673, 103.67346938775509, 86.53061224489795, 82.28571428571428, 90.28571428571428, 98.77551020408163, 95.18367346938774, F
185.1707317073171, 175.21951219512195, 178.34146341463415, 115.31707317073172, 190.2439024390244, 83.3170731707317, 176.78048780487805, 184.58536585365854, 185.3658536585366, 173.46341463414635, 172.8780487804878, 178.9268292682927, 183.609756097561, 193.3658536585366, 184.0, 85.85365853658537, 188.8780487804878, 171.51219512195124, 87.8048780487805, 185.95121951219514, 87.02439024390245, F
167.14893617021275, 163.91489361702128, 190.63829787234042, 189.61702127659575, 379.40425531914894, 158.12765957446808, 189.1063829787234, 189.7872340425532, 190.12765957446808, 189.27659574468083, 379.5744680851064, 189.4468085106383, 378.72340425531917, 379.2340425531915, 191.14893617021275, 164.59574468085106, 379.74468085106383, 378.3829787234042, 152.85106382978722, 378.2127659574468, 186.89361702127658, F
193.0769230769231, 193.6923076923077, 192.0, 194.46153846153848, 191.6923076923077, 192.6153846153846, 194.0, 194.6153846153846, 190.92307692307693, 193.3846153846154, 194.15384615384616, 193.84615384615387, 198.30769230769232, 194.30769230769232, 195.3846153846154, 191.0769230769231, 198.46153846153848, 192.46153846153848, 192.30769230769232, 195.23076923076925, 97.23076923076924, F
77.23076923076924, 75.53846153846155, 76.46153846153847, 80.3076923076923, 79.53846153846155, 80.0, 107.38461538461539, 108.46153846153847, 110.92307692307693, 109.53846153846155, 205.0769230769231, 79.84615384615385, 83.84615384615385, 125.84615384615385, 84.15384615384616, 123.53846153846155, 118.30769230769232, 76.92307692307693, 102.61538461538463, 102.92307692307693, 109.6923076923077, F
216.72727272727272, 209.45454545454547, 217.69696969696972, 215.51515151515153, 219.3939393939394, 217.93939393939394, 210.42424242424244, 209.21212121212122, 219.63636363636365, 99.15151515151516, 218.66666666666669, 102.06060606060606, 98.18181818181819, 100.12121212121212, 431.03030303030306, 219.15151515151516, 208.24242424242425, 204.36363636363637, 206.78787878787878, 207.75757575757575, 108.36363636363636, F
236.17391304347825, 232.69565217391303, 232.8695652173913, 233.04347826086956, 232.52173913043478, 235.65217391304347, 231.82608695652172, 234.26086956521738, 237.7391304347826, 234.95652173913044, 232.3478260869565, 233.7391304347826, 235.82608695652172, 235.47826086956522, 236.52173913043478, 234.6086956521739, 235.1304347826087, 233.2173913043478, 236.69565217391303, 232.0, 90.08695652173913, F
198.91891891891893, 199.35135135135135, 113.94594594594595, 92.97297297297298, 198.05405405405406, 103.56756756756758, 94.27027027027027, 199.7837837837838, 99.8918918918919, 81.72972972972974, 99.67567567567568, 199.13513513513516, 108.97297297297298, 197.40540540540542, 96.86486486486487, 197.83783783783784, 199.56756756756758, 76.97297297297298, 210.5945945945946, 75.24324324324324, 99.02702702702703, F
209.2173913043478, 208.52173913043478, 209.04347826086956, 209.56521739130434, 214.6086956521739, 214.43478260869566, 208.3478260869565, 206.26086956521738, 208.17391304347825, 209.3913043478261, 205.7391304347826, 209.7391304347826, 213.7391304347826, 210.6086956521739, 213.56521739130434, 214.26086956521738, 208.69565217391303, 212.69565217391303, 206.08695652173913, 208.8695652173913, 210.43478260869566, F
193.29729729729732, 120.0, 182.05405405405406, 359.13513513513516, 182.2702702702703, 179.02702702702703, 363.89189189189193, 181.62162162162164, 181.40540540540542, 119.78378378378379, 179.8918918918919, 191.35135135135135, 194.16216216216216, 193.94594594594597, 178.5945945945946, 194.5945945945946, 358.91891891891896, 179.24324324324326, 270.4864864864865, 181.83783783783784, 195.24324324324326, F
190.85714285714283, 192.57142857142856, 195.42857142857142, 191.14285714285714, 201.14285714285714, 191.42857142857142, 190.0, 192.28571428571428, 193.42857142857142, 195.7142857142857, 195.14285714285714, 203.14285714285714, 130.57142857142856, 186.28571428571428, 188.57142857142856, 190.28571428571428, 199.14285714285714, 120.28571428571428, 196.28571428571428, 125.71428571428571, 189.42857142857142, F
176.33333333333331, 152.83333333333331, 176.0, 170.0, 176.5, 177.0, 191.83333333333331, 198.66666666666666, 163.66666666666666, 173.66666666666666, 165.33333333333331, 187.5, 198.16666666666666, 174.83333333333331, 199.66666666666666, 165.16666666666666, 174.5, 163.33333333333331, 195.83333333333331, 200.83333333333331, 164.0, F
193.41176470588235, 192.47058823529412, 193.64705882352942, 237.64705882352942, 189.41176470588235, 190.58823529411765, 237.88235294117646, 188.94117647058823, 194.8235294117647, 193.1764705882353, 238.11764705882354, 257.4117647058824, 96.70588235294117, 188.70588235294116, 236.70588235294116, 231.05882352941177, 256.94117647058823, 254.35294117647058, 185.64705882352942, 256.4705882352941, 83.52941176470588, F
191.7037037037037, 189.33333333333331, 185.48148148148147, 185.77777777777777, 193.18518518518516, 178.66666666666666, 192.59259259259258, 177.48148148148147, 188.44444444444443, 192.0, 185.18518518518516, 188.14814814814812, 196.74074074074073, 208.29629629629628, 208.59259259259258, 190.2222222222222, 177.18518518518516, 208.88888888888889, 191.4074074074074, 190.5185185185185, 186.37037037037035, F
154.61224489795916, 144.81632653061223, 154.77551020408163, 140.89795918367346, 156.57142857142856, 143.51020408163265, 143.0204081632653, 153.6326530612245, 156.0816326530612, 158.85714285714283, 155.26530612244898, 155.1020408163265, 156.24489795918367, 146.12244897959184, 157.22448979591834, 148.734693877551, 154.44897959183672, 166.6938775510204, 158.0408163265306, 77.22448979591836, 142.0408163265306, F
183.24528301886792, 183.39622641509433, 192.0, 170.86792452830187, 172.67924528301887, 182.0377358490566, 183.69811320754715, 172.22641509433961, 138.86792452830187, 202.26415094339623, 184.1509433962264, 192.30188679245282, 172.37735849056602, 170.1132075471698, 208.9056603773585, 172.52830188679243, 206.188679245283, 170.71698113207546, 169.96226415094338, 188.83018867924528, 189.58490566037736, F
164.97297297297297, 189.83783783783784, 178.16216216216216, 179.45945945945948, 168.86486486486487, 172.32432432432432, 192.21621621621622, 165.83783783783784, 169.0810810810811, 173.62162162162164, 175.35135135135135, 171.45945945945948, 173.83783783783784, 166.05405405405406, 179.02702702702703, 172.54054054054055, 185.94594594594597, 189.62162162162164, 195.24324324324326, 181.62162162162164, 173.40540540540542, F
242.04255319148936, 241.87234042553192, 242.72340425531914, 243.06382978723403, 243.23404255319147, 243.91489361702128, 242.38297872340425, 245.1063829787234, 244.25531914893617, 240.85106382978722, 243.5744680851064, 244.4255319148936, 244.7659574468085, 245.95744680851064, 241.53191489361703, 240.51063829787233, 224.0, 240.68085106382978, 240.0, 237.4468085106383, 242.5531914893617, F
190.75555555555556, 192.35555555555555, 206.4, 193.95555555555558, 193.77777777777777, 190.93333333333334, 211.3777777777778, 158.04444444444445, 177.42222222222222, 193.06666666666666, 180.26666666666668, 193.24444444444444, 187.73333333333335, 207.11111111111111, 191.64444444444445, 190.04444444444445, 206.57777777777778, 183.46666666666667, 187.55555555555557, 192.7111111111111, 209.7777777777778, F
189.15555555555557, 178.4888888888889, 173.51111111111112, 174.93333333333334, 187.55555555555557, 190.93333333333334, 201.77777777777777, 187.20000000000002, 175.11111111111111, 176.53333333333333, 183.11111111111111, 181.6888888888889, 192.0, 184.7111111111111, 200.53333333333333, 201.6, 190.04444444444445, 173.6888888888889, 204.26666666666668, 173.86666666666667, 175.46666666666667, F
180.16666666666666, 120.16666666666666, 175.33333333333331, 190.5, 179.33333333333331, 177.83333333333331, 176.5, 182.5, 120.33333333333333, 183.16666666666666, 193.0, 169.83333333333331, 197.33333333333331, 178.16666666666666, 177.5, 182.0, 192.83333333333331, 175.5, 178.66666666666666, 181.0, 181.66666666666666, F
177.11627906976744, 175.44186046511626, 178.7906976744186, 177.48837209302326, 177.86046511627907, 180.27906976744185, 178.2325581395349, 175.06976744186045, 174.13953488372093, 174.69767441860463, 186.04651162790697, 173.7674418604651, 185.86046511627907, 186.6046511627907, 158.69767441860466, 187.1627906976744, 176.5581395348837, 181.3953488372093, 176.74418604651163, 186.41860465116278, 173.58139534883722, F
205.5757575757576, 206.54545454545456, 206.06060606060606, 204.60606060606062, 205.8181818181818, 205.0909090909091, 206.3030303030303, 169.21212121212122, 204.12121212121212, 205.33333333333334, 204.36363636363637, 207.03030303030303, 170.9090909090909, 206.78787878787878, 171.15151515151516, 204.84848484848484, 175.75757575757575, 207.51515151515153, 168.96969696969697, 203.87878787878788, 171.87878787878788, F
173.4736842105263, 173.26315789473682, 200.6315789473684, 184.8421052631579, 177.68421052631578, 177.4736842105263, 200.8421052631579, 192.6315789473684, 200.21052631578945, 174.3157894736842, 201.05263157894737, 200.42105263157893, 175.36842105263156, 185.4736842105263, 176.42105263157893, 192.8421052631579, 178.10526315789474, 183.57894736842104, 177.89473684210526, 182.52631578947367, 182.73684210526315, F
194.8, 195.4, 196.20000000000002, 192.0, 191.8, 198.8, 189.20000000000002, 189.8, 202.60000000000002, 200.8, 202.8, 187.4, 203.20000000000002, 193.0, 188.8, 136.20000000000002, 195.60000000000002, 191.20000000000002, 196.0, 201.60000000000002, 198.20000000000002, F
185.20000000000002, 162.60000000000002, 183.4, 184.0, 162.0, 180.4, 184.20000000000002, 163.8, 165.20000000000002, 186.20000000000002, 182.8, 185.0, 184.60000000000002, 182.60000000000002, 183.60000000000002, 161.0, 181.8, 187.8, 184.4, 187.0, 181.60000000000002, F
154.95652173913044, 165.7391304347826, 137.7391304347826, 137.3913043478261, 165.56521739130434, 201.7391304347826, 161.3913043478261, 141.04347826086956, 161.2173913043478, 137.56521739130434, 159.30434782608694, 188.17391304347825, 188.0, 137.2173913043478, 186.78260869565216, 92.0, 177.56521739130434, 186.6086956521739, 91.82608695652173, 154.43478260869566, 141.7391304347826, F
173.62962962962962, 180.59259259259258, 176.88888888888889, 179.4074074074074, 179.7037037037037, 178.2222222222222, 178.37037037037035, 176.0, 177.77777777777777, 178.07407407407408, 171.4074074074074, 178.8148148148148, 181.33333333333331, 181.03703703703704, 179.11111111111111, 184.59259259259258, 172.14814814814815, 178.96296296296296, 184.74074074074073, 182.2222222222222, 176.14814814814815, F
249.60000000000002, 245.0, 249.8, 248.0, 245.20000000000002, 250.60000000000002, 245.60000000000002, 247.4, 241.60000000000002, 253.8, 254.0, 246.4, 245.8, 244.0, 248.8, 254.20000000000002, 246.60000000000002, 243.60000000000002, 243.4, 247.8, 254.8, F
189.83333333333331, 190.33333333333331, 189.66666666666666, 94.66666666666666, 192.83333333333331, 158.0, 193.66666666666666, 159.0, 192.0, 79.33333333333333, 179.83333333333331, 96.83333333333333, 190.5, 158.66666666666666, 193.33333333333331, 192.66666666666666, 80.16666666666666, 93.66666666666666, 94.5, 181.16666666666666, 79.0, F
189.58490566037736, 187.77358490566036, 188.9811320754717, 190.49056603773585, 193.50943396226415, 140.83018867924528, 182.79245283018867, 190.64150943396226, 188.52830188679243, 143.0943396226415, 190.33962264150944, 195.0188679245283, 185.0566037735849, 140.9811320754717, 191.0943396226415, 143.24528301886792, 143.39622641509433, 214.188679245283, 140.67924528301887, 188.0754716981132, 191.54716981132074, F
202.5, 171.5, 199.25, 195.5, 196.5, 197.25, 201.5, 199.5, 191.25, 172.25, 203.5, 171.75, 175.5, 203.75, 172.0, 202.75, 197.75, 197.5, 171.25, 200.5, 200.25, F
168.0, 163.02702702702703, 189.40540540540542, 165.40540540540542, 162.8108108108108, 173.62162162162164, 189.62162162162164, 168.21621621621622, 189.83783783783784, 170.8108108108108, 165.1891891891892, 189.1891891891892, 163.8918918918919, 167.7837837837838, 173.1891891891892, 165.62162162162164, 190.05405405405406, 174.48648648648648, 176.86486486486487, 172.54054054054055, 188.972972972973, F
931.1999999999999, 1083.8857142857144, 929.3714285714285, 921.3714285714285, 183.0857142857143, 186.74285714285713, 248.9142857142857, 246.4, 247.0857142857143, 930.9714285714285, 1007.3142857142857, 905.8285714285714, 925.9428571428571, 188.1142857142857, 247.31428571428572, 205.0285714285714, 1084.5714285714284, 221.94285714285712, 188.34285714285713, 245.7142857142857, 371.42857142857144, F
168.0, 167.46666666666667, 156.53333333333333, 167.2, 167.73333333333332, 168.8, 227.2, 153.86666666666667, 226.66666666666666, 831.4666666666667, 230.93333333333334, 228.53333333333333, 228.0, 156.26666666666665, 834.1333333333333, 229.06666666666666, 806.9333333333333, 225.6, 156.8, 170.93333333333334, 157.33333333333334, F
173.6, 183.73333333333332, 182.4, 180.0, 172.26666666666665, 172.53333333333333, 175.73333333333332, 170.66666666666666, 170.13333333333333, 171.73333333333332, 175.46666666666667, 217.33333333333334, 179.46666666666667, 182.93333333333334, 178.4, 176.26666666666665, 173.33333333333334, 173.06666666666666, 190.4, 198.93333333333334, 181.86666666666667, F
204.79999999999998, 186.28571428571428, 185.82857142857142, 205.0285714285714, 186.74285714285713, 170.97142857142856, 185.37142857142857, 204.34285714285713, 162.05714285714285, 203.42857142857142, 151.77142857142857, 185.6, 186.05714285714285, 183.77142857142857, 170.74285714285713, 181.0285714285714, 186.5142857142857, 205.7142857142857, 203.65714285714284, 205.94285714285715, 159.0857142857143, F
163.48717948717947, 147.07692307692307, 222.15384615384613, 146.87179487179486, 164.1025641025641, 163.28205128205127, 163.07692307692307, 164.9230769230769, 168.6153846153846, 166.15384615384616, 222.76923076923077, 164.7179487179487, 221.74358974358972, 222.35897435897436, 149.1282051282051, 221.1282051282051, 166.35897435897436, 168.82051282051282, 220.3076923076923, 221.33333333333331, 223.17948717948718, F
196.6153846153846, 197.0769230769231, 196.0, 196.15384615384616, 199.84615384615387, 196.46153846153848, 198.15384615384616, 200.76923076923077, 200.0, 200.30769230769232, 201.84615384615387, 197.84615384615387, 206.46153846153848, 198.0, 260.46153846153845, 198.6153846153846, 196.92307692307693, 205.3846153846154, 204.0, 196.30769230769232, 214.46153846153848, F
269.8181818181818, 270.06060606060606, 252.36363636363637, 270.7878787878788, 252.12121212121212, 272.24242424242425, 273.21212121212125, 251.87878787878788, 273.6969696969697, 270.54545454545456, 253.5757575757576, 253.0909090909091, 252.84848484848484, 259.1515151515152, 256.24242424242425, 253.8181818181818, 271.27272727272725, 272.72727272727275, 244.36363636363637, 89.93939393939394, 259.6363636363636, F
176.64864864864865, 176.32432432432432, 174.91891891891893, 176.21621621621622, 176.75675675675677, 178.5945945945946, 176.10810810810813, 178.7027027027027, 176.43243243243245, 177.29729729729732, 177.40540540540542, 175.7837837837838, 177.51351351351352, 175.35135135135135, 174.8108108108108, 175.02702702702703, 107.56756756756758, 177.62162162162164, 106.5945945945946, 177.0810810810811, 180.0, F
188.27906976744185, 145.11627906976744, 186.2325581395349, 185.67441860465115, 204.27906976744185, 203.90697674418604, 184.93023255813952, 204.46511627906978, 187.34883720930233, 145.48837209302326, 186.6046511627907, 203.53488372093022, 147.1627906976744, 134.51162790697674, 186.41860465116278, 146.04651162790697, 186.04651162790697, 203.72093023255815, 143.06976744186045, 143.44186046511626, 147.72093023255815, F
199.25, 188.75, 189.5, 222.25, 201.25, 199.0, 200.5, 222.0, 220.0, 200.0, 199.75, 197.75, 221.75, 223.5, 197.0, 220.5, 189.0, 223.75, 185.5, 150.25, 221.5, F
234.66666666666666, 234.44444444444443, 232.0, 77.55555555555556, 236.2222222222222, 77.77777777777777, 78.66666666666666, 232.2222222222222, 158.44444444444443, 157.33333333333331, 238.2222222222222, 970.4444444444443, 232.44444444444443, 233.55555555555554, 231.77777777777777, 236.66666666666666, 228.0, 236.0, 782.2222222222222, 194.44444444444443, 970.2222222222222, F
176.42105263157893, 176.21052631578945, 885.8947368421052, 178.10526315789474, 178.3157894736842, 176.8421052631579, 160.6315789473684, 177.68421052631578, 176.6315789473684, 177.05263157894737, 885.2631578947368, 886.5263157894736, 177.26315789473682, 885.6842105263157, 160.8421052631579, 885.4736842105262, 177.4736842105263, 177.89473684210526, 887.1578947368421, 178.52631578947367, 162.3157894736842, F
168.42105263157893, 166.73684210526315, 169.4736842105263, 167.36842105263156, 170.52631578947367, 166.94736842105263, 184.42105263157893, 167.1578947368421, 189.68421052631578, 172.8421052631579, 168.6315789473684, 167.78947368421052, 149.26315789473682, 166.52631578947367, 168.21052631578945, 189.89473684210526, 188.42105263157893, 190.10526315789474, 182.52631578947367, 190.94736842105263, 189.05263157894737, F
516.0, 495.04761904761904, 527.6190476190476, 520.7619047619047, 494.2857142857143, 518.0952380952381, 288.38095238095235, 528.0, 287.6190476190476, 264.38095238095235, 255.6190476190476, 503.6190476190476, 516.1904761904761, 489.71428571428567, 291.04761904761904, 495.6190476190476, 287.04761904761904, 528.952380952381, 288.57142857142856, 289.90476190476187, 512.0, F
243.7142857142857, 228.14285714285714, 243.57142857142856, 244.42857142857142, 228.28571428571428, 228.57142857142856, 241.42857142857142, 243.28571428571428, 321.1428571428571, 488.4285714285714, 240.0, 486.57142857142856, 244.14285714285714, 227.57142857142856, 317.7142857142857, 229.14285714285714, 243.14285714285714, 487.0, 244.0, 489.2857142857143, 240.85714285714283, F
243.1219512195122, 240.19512195121953, 240.78048780487805, 237.26829268292684, 488.5853658536586, 245.07317073170734, 239.21951219512195, 237.85365853658539, 238.82926829268294, 244.2926829268293, 487.609756097561, 238.63414634146343, 239.02439024390245, 236.8780487804878, 491.1219512195122, 239.8048780487805, 244.09756097560975, 487.4146341463415, 241.7560975609756, 477.8536585365854, 517.4634146341464, F
498.85714285714283, 499.85714285714283, 222.7142857142857, 499.1428571428571, 227.14285714285714, 225.14285714285714, 502.0, 498.57142857142856, 521.5714285714286, 517.8571428571428, 499.57142857142856, 525.4285714285714, 517.5714285714286, 501.4285714285714, 502.71428571428567, 227.7142857142857, 501.1428571428571, 501.71428571428567, 516.8571428571428, 227.85714285714283, 226.14285714285714, F
239.02439024390245, 239.41463414634148, 237.65853658536585, 238.2439024390244, 238.0487804878049, 280.5853658536586, 237.46341463414635, 239.8048780487805, 238.63414634146343, 280.7804878048781, 240.19512195121953, 237.85365853658539, 280.9756097560976, 265.1707317073171, 281.1707317073171, 240.0, 280.1951219512195, 236.6829268292683, 280.0, 264.9756097560976, 238.4390243902439, F
223.16666666666666, 222.5, 224.5, 223.83333333333331, 222.33333333333331, 224.83333333333331, 226.16666666666666, 221.16666666666666, 226.33333333333331, 225.66666666666666, 221.0, 224.0, 226.0, 233.5, 227.16666666666666, 227.83333333333331, 231.16666666666666, 222.66666666666666, 237.16666666666666, 473.8333333333333, 222.0, F
164.19047619047618, 173.7142857142857, 171.8095238095238, 156.38095238095238, 173.9047619047619, 172.38095238095238, 171.61904761904762, 163.8095238095238, 156.19047619047618, 163.61904761904762, 165.52380952380952, 162.47619047619045, 156.57142857142856, 157.52380952380952, 168.57142857142856, 160.57142857142856, 174.47619047619045, 172.19047619047618, 165.9047619047619, 163.23809523809524, 169.33333333333331, F
319.4146341463415, 320.1951219512195, 320.7804878048781, 477.0731707317073, 316.6829268292683, 319.609756097561, 316.0975609756098, 320.0, 318.0487804878049, 314.9268292682927, 315.9024390243903, 481.1707317073171, 316.2926829268293, 311.609756097561, 311.4146341463415, 311.219512195122, 315.3170731707317, 213.85365853658539, 457.3658536585366, 475.70731707317077, 476.8780487804878, F
495.7837837837838, 496.0, 497.0810810810811, 491.2432432432433, 496.21621621621625, 492.972972972973, 489.51351351351354, 225.94594594594597, 245.62162162162164, 494.91891891891896, 494.2702702702703, 493.1891891891892, 241.72972972972974, 497.945945945946, 494.7027027027027, 497.29729729729735, 244.32432432432435, 488.43243243243245, 494.4864864864865, 235.8918918918919, 495.5675675675676, F
240.76923076923077, 240.46153846153848, 239.0769230769231, 240.92307692307693, 238.76923076923077, 240.61538461538464, 239.3846153846154, 241.84615384615387, 239.6923076923077, 239.53846153846155, 240.0, 240.30769230769232, 242.61538461538464, 317.84615384615387, 241.3846153846154, 237.23076923076925, 241.6923076923077, 482.92307692307696, 241.23076923076925, 242.0, 241.0769230769231, F
236.96, 235.84, 319.36, 320.48, 236.8, 317.12, 237.92000000000002, 320.96, 320.32, 317.28000000000003, 238.08, 320.16, 320.8, 228.8, 320.64, 233.6, 316.48, 234.72, 318.08, 473.92, 326.24, F
228.8, 241.4, 240.0, 241.60000000000002, 228.60000000000002, 240.20000000000002, 239.8, 225.60000000000002, 230.0, 241.20000000000002, 241.0, 230.60000000000002, 230.8, 231.4, 240.8, 239.60000000000002, 230.20000000000002, 229.0, 225.8, 240.60000000000002, 481.20000000000005, F
147.63636363636365, 146.66666666666666, 147.15151515151516, 144.96969696969697, 139.63636363636363, 144.0, 187.3939393939394, 199.51515151515153, 145.45454545454547, 146.9090909090909, 169.93939393939394, 187.63636363636365, 186.66666666666669, 147.3939393939394, 146.42424242424244, 188.84848484848484, 192.0, 97.21212121212122, 143.75757575757575, 139.87878787878788, 191.75757575757575, F
223.07335190343548, 226.09099350046426, 224.4661095636026, 224.93036211699163, 223.76973073351903, 227.25162488393687, 222.1448467966574, 222.60909935004642, 223.30547818013, 224.23398328690809, 224.69823584029712, 222.84122562674094, 225.3946146703807, 223.5376044568245, 226.7873723305478, 226.5552460538533, 225.85886722376972, 225.6267409470752, 192.89693593314763, 222.3769730733519, 227.01949860724235, F
222.5, 223.0, 226.16666666666666, 224.0, 82.16666666666666, 227.66666666666666, 81.66666666666666, 223.16666666666666, 196.16666666666666, 81.33333333333333, 223.66666666666666, 223.33333333333331, 98.33333333333333, 82.0, 304.3333333333333, 83.0, 243.33333333333331, 198.66666666666666, 80.0, 110.0, 180.83333333333331, F
262.48275862068965, 268.13793103448273, 263.0344827586207, 263.3103448275862, 260.55172413793105, 264.55172413793105, 261.7931034482759, 263.44827586206895, 262.8965517241379, 268.0, 274.0689655172414, 274.7586206896552, 268.9655172413793, 272.55172413793105, 266.8965517241379, 270.0689655172414, 260.82758620689657, 267.17241379310343, 271.0344827586207, 265.37931034482756, 271.3103448275862, F
222.78260869565216, 222.95652173913044, 223.30434782608694, 223.1304347826087, 223.47826086956522, 223.82608695652172, 222.08695652173913, 224.3478260869565, 222.26086956521738, 221.56521739130434, 148.69565217391303, 100.0, 99.47826086956522, 224.69565217391303, 224.0, 226.95652173913044, 97.04347826086956, 150.26086956521738, 222.6086956521739, 98.6086956521739, 224.52173913043478, F
198.22222222222223, 198.75555555555556, 199.11111111111111, 197.51111111111112, 193.95555555555558, 193.06666666666666, 197.6888888888889, 198.04444444444445, 197.86666666666667, 198.57777777777778, 194.31111111111113, 192.7111111111111, 195.02222222222224, 197.33333333333334, 194.4888888888889, 198.4, 196.9777777777778, 194.84444444444446, 192.17777777777778, 196.62222222222223, 192.0, F
181.43396226415095, 180.52830188679243, 180.83018867924528, 181.73584905660377, 181.88679245283018, 181.2830188679245, 178.71698113207546, 179.0188679245283, 180.67924528301887, 179.77358490566036, 177.0566037735849, 182.49056603773585, 181.1320754716981, 183.69811320754715, 179.9245283018868, 180.9811320754717, 90.41509433962264, 95.24528301886792, 180.37735849056602, 90.86792452830188, 180.0754716981132, F
162.41860465116278, 166.88372093023256, 149.02325581395348, 120.0, 162.97674418604652, 101.95348837209302, 99.34883720930232, 164.09302325581396, 163.1627906976744, 162.7906976744186, 165.02325581395348, 148.8372093023256, 83.53488372093022, 161.86046511627907, 163.34883720930233, 83.72093023255813, 162.04651162790697, 220.65116279069767, 207.62790697674419, 237.7674418604651, 221.95348837209303, F
197.3913043478261, 197.56521739130434, 199.82608695652172, 197.2173913043478, 200.52173913043478, 200.0, 199.1304347826087, 200.8695652173913, 198.08695652173913, 200.69565217391303, 198.95652173913044, 168.17391304347825, 200.17391304347825, 180.17391304347825, 195.30434782608694, 174.6086956521739, 168.0, 196.34782608695653, 194.95652173913044, 98.6086956521739, 167.30434782608694, F
197.33333333333334, 198.93333333333334, 197.86666666666667, 196.26666666666665, 196.8, 197.6, 200.0, 198.13333333333333, 205.33333333333334, 198.4, 199.46666666666667, 195.2, 219.46666666666667, 198.66666666666666, 191.46666666666667, 197.06666666666666, 200.26666666666665, 204.53333333333333, 190.13333333333333, 195.73333333333332, 210.4, F
192.22857142857143, 192.45714285714286, 232.0, 231.77142857142857, 192.68571428571428, 193.14285714285714, 96.22857142857143, 232.22857142857143, 97.6, 231.54285714285714, 229.7142857142857, 194.97142857142856, 222.17142857142858, 195.88571428571427, 195.65714285714284, 83.88571428571429, 237.0285714285714, 194.74285714285713, 235.42857142857142, 83.2, 233.37142857142857, F
221.63636363636365, 97.45454545454545, 100.18181818181819, 165.8181818181818, 110.9090909090909, 110.0, 220.72727272727272, 160.9090909090909, 102.0, 214.9090909090909, 183.45454545454547, 185.0909090909091, 217.0909090909091, 190.72727272727272, 214.1818181818182, 216.36363636363637, 103.0909090909091, 144.1818181818182, 90.72727272727273, 146.1818181818182, 222.54545454545456, F
212.33333333333331, 212.5, 192.33333333333331, 192.5, 190.33333333333331, 211.16666666666666, 211.0, 203.33333333333331, 209.83333333333331, 223.0, 198.66666666666666, 187.0, 224.33333333333331, 200.5, 224.0, 203.5, 224.16666666666666, 203.0, 203.16666666666666, 223.83333333333331, 382.16666666666663, F
183.7142857142857, 183.52380952380952, 186.28571428571428, 156.57142857142856, 182.19047619047618, 217.52380952380952, 236.85714285714283, 157.61904761904762, 184.09523809523807, 156.95238095238093, 157.14285714285714, 156.09523809523807, 167.52380952380952, 186.76190476190476, 237.6190476190476, 183.14285714285714, 163.33333333333331, 157.42857142857142, 157.8095238095238, 182.95238095238093, 183.33333333333331, M
157.1764705882353, 156.86274509803923, 154.50980392156862, 161.72549019607843, 159.52941176470588, 160.94117647058823, 159.37254901960785, 157.9607843137255, 158.7450980392157, 153.72549019607843, 160.62745098039215, 158.90196078431373, 162.66666666666666, 162.98039215686273, 157.80392156862746, 155.92156862745097, 160.7843137254902, 158.27450980392157, 160.31372549019608, 162.35294117647058, 160.15686274509804, M
190.21052631578945, 239.4736842105263, 190.8421052631579, 158.52631578947367, 190.52631578947367, 175.15789473684208, 194.6315789473684, 165.36842105263156, 164.8421052631579, 166.52631578947367, 160.52631578947367, 189.36842105263156, 193.4736842105263, 166.0, 161.05263157894737, 244.3157894736842, 161.26315789473682, 192.3157894736842, 189.68421052631578, 153.78947368421052, 195.57894736842104, M
240.36363636363637, 241.21212121212122, 239.63636363636365, 239.15151515151516, 187.3939393939394, 239.75757575757575, 185.6969696969697, 166.06060606060606, 187.51515151515153, 239.51515151515153, 239.03030303030303, 188.24242424242425, 240.4848484848485, 240.60606060606062, 241.33333333333334, 239.87878787878788, 238.42424242424244, 278.54545454545456, 277.3333333333333, 177.6969696969697, 187.03030303030303, M
177.02564102564102, 175.17948717948718, 176.82051282051282, 174.76923076923077, 170.25641025641025, 174.97435897435898, 167.3846153846154, 174.15384615384616, 159.3846153846154, 175.5897435897436, 173.74358974358975, 174.56410256410257, 170.66666666666666, 176.6153846153846, 170.05128205128204, 176.0, 168.82051282051282, 238.35897435897436, 167.5897435897436, 173.33333333333331, 171.69230769230768, M
218.16216216216216, 208.86486486486487, 225.29729729729732, 210.3783783783784, 214.2702702702703, 219.67567567567568, 219.45945945945948, 215.56756756756758, 225.51351351351352, 213.83783783783784, 215.7837837837838, 219.24324324324326, 223.7837837837838, 226.81081081081084, 217.94594594594597, 211.8918918918919, 214.05405405405406, 196.54054054054055, 224.21621621621622, 216.64864864864867, 220.54054054054055, M
262.3030303030303, 244.36363636363637, 244.12121212121212, 262.54545454545456, 529.2121212121212, 528.0, 528.2424242424242, 527.7575757575758, 252.60606060606062, 252.84848484848484, 253.5757575757576, 243.87878787878788, 246.3030303030303, 253.8181818181818, 529.4545454545455, 263.5151515151515, 212.84848484848484, 239.03030303030303, 263.03030303030306, 528.969696969697, 232.24242424242425, M
175.47540983606558, 171.54098360655738, 167.344262295082, 177.5737704918033, 177.96721311475412, 167.6065573770492, 175.344262295082, 175.21311475409837, 170.49180327868854, 172.85245901639345, 172.98360655737704, 166.81967213114754, 176.91803278688525, 175.08196721311475, 175.7377049180328, 175.6065573770492, 177.04918032786887, 173.63934426229508, 176.78688524590166, 174.42622950819674, 166.29508196721312, M
128.18749813159548, 122.92607096947775, 143.73262383785237, 146.36333741891124, 130.57905593255808, 133.4489252937132, 129.38327703207676, 143.97177961794864, 129.62243281217303, 130.10074437236554, 126.03509611072913, 128.42665391169174, 148.27658365968134, 133.68808107380946, 131.53567905294312, 125.5567845505366, 146.6024931990075, 141.10191025679353, 132.97061373352068, 257.57077516367224, 121.25198050880392, M
209.63265306122446, 209.46938775510202, 210.77551020408163, 208.32653061224488, 211.91836734693877, 165.55102040816325, 168.32653061224488, 215.83673469387753, 185.79591836734693, 211.1020408163265, 209.95918367346937, 211.26530612244898, 168.6530612244898, 169.6326530612245, 166.6938775510204, 214.36734693877548, 177.95918367346937, 212.24489795918365, 168.16326530612244, 213.22448979591834, 174.6938775510204, M
211.7551020408163, 211.26530612244898, 219.42857142857142, 222.53061224489795, 210.61224489795916, 206.36734693877548, 211.59183673469386, 155.26530612244898, 211.91836734693877, 221.38775510204079, 156.40816326530611, 156.24489795918367, 210.1224489795918, 205.7142857142857, 183.18367346938774, 227.91836734693877, 223.34693877551018, 229.55102040816325, 211.42857142857142, 160.48979591836732, 217.79591836734693, M
175.8840579710145, 176.92753623188406, 213.21739130434784, 174.2608695652174, 213.91304347826087, 213.44927536231884, 143.53623188405797, 212.28985507246378, 177.6231884057971, 177.2753623188406, 177.97101449275362, 144.0, 176.34782608695653, 212.7536231884058, 175.65217391304347, 176.57971014492753, 177.5072463768116, 149.1014492753623, 175.53623188405797, 147.36231884057972, 214.02898550724638, M
178.66666666666666, 176.44444444444443, 176.2222222222222, 177.55555555555554, 178.0, 186.44444444444443, 184.2222222222222, 177.33333333333331, 177.77777777777777, 180.2222222222222, 177.11111111111111, 185.77777777777777, 178.2222222222222, 178.44444444444443, 176.0, 202.88888888888889, 203.33333333333331, 200.44444444444443, 173.77777777777777, 139.33333333333331, 200.0, M
179.36, 161.76, 168.8, 185.6, 170.08, 182.4, 174.72, 186.4, 185.76, 184.8, 181.44, 183.68, 161.28, 172.16, 152.96, 152.8, 168.64000000000001, 162.56, 177.44, 159.20000000000002, 155.20000000000002, M
189.6, 218.24, 191.36, 219.20000000000002, 190.88, 217.28, 188.0, 189.44, 191.20000000000002, 188.48, 220.16, 191.04, 170.72, 212.32, 208.16, 168.96, 211.68, 191.52, 189.28, 207.36, 220.0, M
176.92307692307693, 178.46153846153848, 177.23076923076923, 178.6153846153846, 176.76923076923077, 181.3846153846154, 177.53846153846155, 206.15384615384616, 174.46153846153848, 178.30769230769232, 206.76923076923077, 177.3846153846154, 175.3846153846154, 206.0, 179.3846153846154, 207.0769230769231, 184.92307692307693, 206.46153846153848, 193.6923076923077, 185.0769230769231, 202.76923076923077, M
179.20000000000002, 305.12, 182.88, 297.6, 304.8, 295.04, 321.6, 180.96, 180.48, 179.52, 152.16, 160.16, 180.16, 182.72, 202.24, 297.28000000000003, 305.92, 304.64, 178.72, 301.28000000000003, 157.12, M
223.41463414634148, 222.63414634146343, 366.8292682926829, 395.5121951219512, 312.1951219512195, 289.5609756097561, 221.26829268292684, 314.1463414634147, 219.51219512195124, 315.5121951219512, 475.70731707317077, 262.0487804878049, 317.6585365853659, 317.0731707317073, 216.78048780487805, 222.82926829268294, 370.5365853658537, 302.2439024390244, 264.7804878048781, 291.3170731707317, 223.02439024390245, M
707.4545454545455, 703.2727272727273, 710.0, 709.6363636363636, 706.1818181818182, 138.9090909090909, 479.0909090909091, 141.63636363636365, 233.8181818181818, 97.63636363636364, 707.6363636363636, 235.8181818181818, 704.1818181818182, 711.6363636363636, 707.8181818181819, 711.2727272727273, 709.8181818181819, 706.3636363636364, 708.0, 704.5454545454546, 705.4545454545455, M
131.9025719638903, 123.72679270993017, 131.6300459887583, 122.63668880940214, 123.99931868506218, 131.0849940384943, 129.99489013796628, 127.26963038664623, 132.44762391415432, 132.99267586441832, 123.18174075966616, 126.45205246125022, 133.53772781468234, 131.3575200136263, 128.90478623743826, 132.17509793902232, 132.72014988928632, 254.81178674842445, 125.3619485607222, 129.44983818770226, 122.36416283427015, M
195.44827586206895, 194.89655172413794, 192.41379310344828, 194.20689655172413, 195.17241379310346, 193.79310344827587, 194.75862068965517, 154.20689655172413, 204.0, 193.6551724137931, 192.68965517241378, 196.27586206896552, 195.86206896551724, 156.68965517241378, 193.24137931034483, 192.82758620689654, 158.48275862068965, 151.17241379310346, 194.6206896551724, 197.9310344827586, 153.51724137931035, M
304.3478260869565, 303.1304347826087, 301.9130434782609, 302.6086956521739, 299.1304347826087, 299.4782608695652, 301.39130434782606, 170.08695652173913, 299.82608695652175, 302.2608695652174, 301.04347826086956, 300.0, 302.7826086956522, 172.0, 301.7391304347826, 171.82608695652172, 149.56521739130434, 298.2608695652174, 303.4782608695652, 308.3478260869565, 305.04347826086956, M
206.83636363636361, 290.9090909090909, 291.2, 290.47272727272724, 293.8181818181818, 410.1818181818182, 392.58181818181816, 441.59999999999997, 289.3090909090909, 408.7272727272727, 292.07272727272726, 281.0181818181818, 386.3272727272727, 409.8909090909091, 275.05454545454546, 208.58181818181816, 277.23636363636365, 668.9454545454545, 387.2, 390.8363636363636, 666.0363636363636, M
162.6046511627907, 295.8139534883721, 213.58139534883722, 294.3255813953488, 293.95348837209303, 295.06976744186045, 168.1860465116279, 211.53488372093022, 146.97674418604652, 440.93023255813955, 163.90697674418604, 216.37209302325581, 244.65116279069767, 217.30232558139534, 151.44186046511626, 145.67441860465115, 294.51162790697674, 442.6046511627907, 243.90697674418604, 245.3953488372093, 301.5813953488372, M
195.51219512195124, 206.4390243902439, 202.7317073170732, 393.9512195121951, 196.6829268292683, 196.2926829268293, 407.4146341463415, 206.2439024390244, 395.3170731707317, 195.3170731707317, 203.90243902439025, 408.5853658536586, 196.8780487804878, 395.1219512195122, 389.8536585365854, 333.4634146341464, 397.0731707317073, 203.70731707317074, 413.26829268292687, 206.63414634146343, 223.41463414634148, M
296.60377358490564, 198.64150943396226, 296.1509433962264, 298.2641509433962, 264.0, 219.47169811320754, 216.9056603773585, 269.58490566037733, 296.90566037735846, 212.0754716981132, 216.75471698113208, 180.9811320754717, 216.1509433962264, 185.96226415094338, 216.45283018867923, 297.50943396226415, 198.188679245283, 214.94339622641508, 311.54716981132077, 299.92452830188677, 276.52830188679246, M
314.1463414634147, 314.3414634146342, 313.3658536585366, 313.5609756097561, 315.70731707317077, 312.7804878048781, 149.46341463414635, 163.90243902439025, 149.65853658536585, 317.2682926829268, 324.6829268292683, 322.7317073170732, 314.9268292682927, 148.6829268292683, 165.46341463414635, 315.5121951219512, 335.0243902439025, 317.0731707317073, 315.1219512195122, 324.4878048780488, 148.4878048780488, M
288.81159420289856, 288.57971014492756, 287.30434782608694, 286.2608695652174, 288.231884057971, 289.15942028985506, 287.8840579710145, 192.34782608695653, 288.69565217391306, 288.1159420289855, 285.3333333333333, 144.34782608695653, 286.95652173913044, 288.92753623188406, 286.72463768115944, 286.0289855072464, 143.65217391304347, 191.42028985507247, 287.18840579710144, 192.46376811594203, 286.3768115942029, M
175.15789473684208, 174.52631578947367, 172.8421052631579, 214.6315789473684, 175.36842105263156, 214.1052631578947, 173.05263157894737, 172.10526315789474, 172.3157894736842, 176.10526315789474, 214.52631578947367, 171.78947368421052, 326.84210526315786, 214.3157894736842, 214.73684210526315, 215.78947368421052, 323.4736842105263, 214.94736842105263, 172.94736842105263, 261.57894736842104, 262.0, M
173.01492537313433, 186.50746268656715, 173.8507462686567, 346.74626865671644, 360.5970149253731, 164.8955223880597, 173.37313432835822, 360.95522388059703, 180.29850746268656, 173.49253731343282, 186.98507462686567, 163.94029850746267, 325.6119402985075, 328.4776119402985, 172.29850746268656, 178.86567164179104, 346.6268656716418, 173.13432835820896, 360.4776119402985, 347.1044776119403, 175.40298507462686, M
126.79439854690338, 129.8412140387883, 128.90373234897757, 149.76269994726664, 298.35354778226986, 126.09128727954531, 133.5911407980313, 298.1191773598172, 129.37247319388294, 299.0566590496279, 127.49750981426143, 132.88802953067324, 130.075584461241, 127.26313939180875, 149.0595886799086, 299.2910294720806, 126.32565770199801, 133.12239995312592, 298.58791820472254, 149.99707036971932, 297.8848069373645, M
234.52631578947367, 230.52631578947367, 245.68421052631578, 780.0, 229.68421052631578, 494.7368421052631, 234.3157894736842, 781.2631578947368, 758.1052631578947, 762.3157894736842, 228.21052631578945, 229.05263157894734, 244.21052631578945, 246.1052631578947, 787.7894736842105, 782.7368421052631, 252.6315789473684, 231.36842105263156, 232.21052631578945, 738.1052631578947, 235.36842105263156, M
206.2439024390244, 209.7560975609756, 211.90243902439025, 293.2682926829268, 207.8048780487805, 218.34146341463415, 204.2926829268293, 294.0487804878049, 293.0731707317073, 197.07317073170734, 197.26829268292684, 218.14634146341464, 206.63414634146343, 205.46341463414635, 208.0, 197.85365853658539, 292.2926829268293, 207.41463414634148, 294.2439024390244, 198.0487804878049, 212.09756097560975, M
162.8148148148148, 162.07407407407408, 163.4074074074074, 326.22222222222223, 162.96296296296296, 160.74074074074073, 244.44444444444443, 181.92592592592592, 196.59259259259258, 319.4074074074074, 265.18518518518516, 323.85185185185185, 162.37037037037035, 265.9259259259259, 318.5185185185185, 161.03703703703704, 161.33333333333331, 482.66666666666663, 198.37037037037035, 164.0, 243.85185185185185, M
289.125, 289.25, 322.125, 335.875, 391.125, 431.0, 283.625, 485.875, 274.75, 391.625, 291.75, 277.25, 279.625, 287.75, 388.125, 335.625, 433.375, 290.375, 287.25, 276.5, 287.375, M
140.24489795918367, 141.87755102040816, 140.734693877551, 282.2857142857143, 264.1632653061224, 140.89795918367346, 141.7142857142857, 141.0612244897959, 282.61224489795916, 144.16326530612244, 139.59183673469386, 250.44897959183672, 141.3877551020408, 282.93877551020404, 260.734693877551, 281.3061224489796, 264.3265306122449, 146.44897959183672, 280.48979591836735, 140.0816326530612, 140.40816326530611, M
164.60000000000002, 166.4, 163.4, 163.0, 162.60000000000002, 164.0, 166.60000000000002, 163.20000000000002, 163.8, 184.8, 164.8, 324.40000000000003, 326.6, 169.8, 161.8, 166.20000000000002, 166.0, 337.8, 326.40000000000003, 324.20000000000005, 169.20000000000002, M
190.05405405405406, 271.7837837837838, 190.2702702702703, 271.13513513513516, 190.7027027027027, 182.48648648648648, 182.05405405405406, 190.48648648648648, 270.05405405405406, 270.7027027027027, 189.62162162162164, 271.35135135135135, 182.2702702702703, 189.83783783783784, 269.6216216216216, 268.97297297297297, 270.4864864864865, 272.0, 268.5405405405406, 267.6756756756757, 187.8918918918919, M
203.02222222222224, 209.6, 207.64444444444445, 206.4, 210.84444444444446, 206.22222222222223, 203.3777777777778, 206.57777777777778, 212.8, 210.66666666666669, 207.11111111111111, 210.13333333333335, 209.7777777777778, 207.46666666666667, 205.6888888888889, 209.24444444444444, 211.73333333333335, 205.15555555555557, 210.4888888888889, 201.06666666666666, 201.24444444444444, M
178.0392156862745, 343.84313725490193, 189.1764705882353, 175.68627450980392, 348.3921568627451, 172.39215686274508, 180.70588235294116, 173.1764705882353, 347.1372549019608, 180.54901960784312, 187.92156862745097, 350.7450980392157, 360.62745098039215, 267.921568627451, 349.96078431372547, 188.39215686274508, 264.78431372549016, 361.4117647058823, 171.92156862745097, 267.45098039215685, 351.37254901960785, M
162.66666666666666, 152.0, 324.3076923076923, 325.3333333333333, 296.2051282051282, 153.02564102564102, 154.25641025641025, 243.69230769230768, 327.38461538461536, 155.28205128205127, 326.15384615384613, 240.6153846153846, 165.1282051282051, 229.94871794871793, 300.5128205128205, 293.3333333333333, 243.48717948717947, 271.38461538461536, 270.15384615384613, 332.5128205128205, 323.8974358974359, M
117.62152777777777, 134.11458333333331, 133.68055555555554, 119.79166666666666, 134.5486111111111, 137.15277777777777, 136.2847222222222, 134.98263888888889, 121.96180555555554, 128.90625, 137.58680555555554, 132.8125, 138.88888888888889, 140.625, 139.75694444444443, 139.32291666666666, 142.3611111111111, 135.41666666666666, 144.0972222222222, 136.71875, 132.3784722222222, M
177.14285714285714, 169.7142857142857, 170.28571428571428, 174.09523809523807, 347.4285714285714, 201.7142857142857, 202.47619047619045, 342.4761904761905, 204.0, 227.42857142857142, 231.6190476190476, 177.9047619047619, 169.9047619047619, 408.0, 200.19047619047618, 178.66666666666666, 200.76190476190476, 170.09523809523807, 174.47619047619045, 201.52380952380952, 403.4285714285714, M
153.89090909090908, 156.07272727272726, 152.29090909090908, 152.0, 154.9090909090909, 144.0, 155.63636363636363, 156.21818181818182, 151.7090909090909, 152.43636363636364, 156.36363636363635, 152.14545454545453, 148.07272727272726, 154.76363636363635, 155.9272727272727, 77.81818181818181, 154.1818181818182, 155.05454545454543, 132.79999999999998, 77.67272727272727, 78.10909090909091, M
210.2222222222222, 185.03703703703704, 211.25925925925924, 185.48148148148147, 183.4074074074074, 214.8148148148148, 262.66666666666663, 212.0, 305.9259259259259, 262.3703703703704, 308.14814814814815, 210.96296296296296, 184.44444444444443, 208.74074074074073, 262.8148148148148, 184.29629629629628, 260.44444444444446, 205.33333333333331, 184.59259259259258, 180.88888888888889, 215.25925925925924, M
188.20000000000002, 188.8, 179.20000000000002, 188.60000000000002, 258.40000000000003, 189.4, 189.20000000000002, 176.0, 188.0, 257.2, 188.4, 187.8, 187.60000000000002, 189.60000000000002, 187.0, 179.0, 175.8, 179.4, 173.20000000000002, 189.0, 259.6, M
484.8813559322034, 258.9830508474576, 258.1694915254237, 193.4915254237288, 386.9830508474576, 388.47457627118644, 226.3050847457627, 389.1525423728813, 256.8135593220339, 257.76271186440675, 322.5762711864407, 227.52542372881356, 386.3050847457627, 385.35593220338984, 256.6779661016949, 386.03389830508473, 224.94915254237287, 384.135593220339, 387.2542372881356, 388.20338983050846, 484.33898305084745, M
221.4237288135593, 221.15254237288136, 210.57627118644066, 221.28813559322035, 227.79661016949152, 221.01694915254237, 221.96610169491527, 224.40677966101694, 209.6271186440678, 224.0, 208.54237288135593, 213.01694915254237, 222.23728813559322, 218.4406779661017, 218.16949152542372, 208.94915254237287, 212.88135593220338, 211.52542372881356, 213.96610169491527, 215.45762711864407, 210.71186440677965, M
146.98305084745763, 419.3898305084746, 419.66101694915255, 416.0, 292.33898305084745, 293.96610169491527, 421.8305084745763, 289.76271186440675, 295.45762711864404, 286.91525423728814, 292.7457627118644, 287.3220338983051, 289.49152542372883, 289.35593220338984, 289.08474576271186, 282.1694915254237, 419.79661016949154, 287.728813559322, 281.22033898305085, 287.864406779661, 287.1864406779661, M
203.33333333333331, 168.16666666666666, 168.0, 334.0, 205.66666666666666, 206.66666666666666, 203.5, 336.16666666666663, 168.33333333333331, 307.5, 202.16666666666666, 205.83333333333331, 202.5, 170.16666666666666, 202.33333333333331, 205.33333333333331, 206.83333333333331, 205.16666666666666, 202.66666666666666, 373.0, 204.5, M
396.2352941176471, 395.6078431372549, 396.078431372549, 198.11764705882354, 235.45098039215685, 396.3921568627451, 403.45098039215685, 234.0392156862745, 236.8627450980392, 395.7647058823529, 397.4901960784314, 197.80392156862746, 231.52941176470588, 169.41176470588235, 264.62745098039215, 169.2549019607843, 399.52941176470586, 237.01960784313727, 168.94117647058823, 231.37254901960785, 254.11764705882354, M
230.81967213114754, 151.8688524590164, 230.29508196721312, 286.1639344262295, 234.36065573770492, 205.37704918032787, 242.75409836065575, 287.2131147540984, 283.27868852459017, 246.55737704918033, 232.13114754098362, 224.65573770491804, 249.8360655737705, 230.68852459016395, 303.08196721311475, 282.2295081967213, 214.81967213114754, 231.21311475409837, 202.36065573770492, 297.0491803278689, 224.26229508196724, M
133.66291311910646, 134.39531264304676, 123.40931978394214, 122.67692026000182, 123.04312002197197, 124.87411883182276, 123.77551954591229, 133.2967133571363, 134.02911288107663, 135.49391192895723, 139.8883090725991, 135.8601116909274, 137.324910738808, 140.98690835850957, 142.45170740639017, 136.22631145289753, 140.25450883456924, 142.08550764442003, 137.69111050077817, 132.93051359516616, 122.31072049803167, M
293.8181818181818, 291.78181818181815, 292.8, 291.92727272727274, 293.6727272727273, 286.98181818181814, 292.2181818181818, 286.5454545454545, 294.4, 291.3454545454545, 367.4181818181818, 440.58181818181816, 195.9272727272727, 290.76363636363635, 220.94545454545454, 187.2, 287.4181818181818, 195.78181818181818, 387.78181818181815, 372.6545454545454, 196.65454545454546, M
191.83333333333331, 193.0, 192.66666666666666, 206.5, 190.66666666666666, 189.33333333333331, 154.0, 151.33333333333331, 219.16666666666666, 153.16666666666666, 194.0, 191.66666666666666, 150.33333333333331, 217.5, 189.66666666666666, 193.66666666666666, 193.83333333333331, 220.66666666666666, 191.33333333333331, 294.5, 217.66666666666666, M
162.58823529411765, 162.8235294117647, 131.05882352941177, 162.35294117647058, 132.0, 134.35294117647058, 162.11764705882354, 130.58823529411765, 132.23529411764704, 129.41176470588235, 265.1764705882353, 132.7058823529412, 133.1764705882353, 163.52941176470588, 160.47058823529412, 127.76470588235294, 163.2941176470588, 163.05882352941177, 131.52941176470588, 129.88235294117646, 163.76470588235293, M
228.46511627906978, 226.97674418604652, 225.86046511627907, 225.11627906976744, 224.37209302325581, 168.74418604651163, 168.93023255813952, 227.1627906976744, 223.06976744186045, 227.90697674418604, 221.3953488372093, 226.2325581395349, 227.72093023255815, 222.32558139534882, 224.0, 219.34883720930233, 202.41860465116278, 226.04651162790697, 222.69767441860463, 295.06976744186045, 168.5581395348837, M
216.47058823529412, 218.35294117647058, 218.50980392156862, 215.2156862745098, 216.62745098039215, 169.09803921568627, 218.98039215686273, 198.11764705882354, 172.078431372549, 217.88235294117646, 214.7450980392157, 217.09803921568627, 219.6078431372549, 193.88235294117646, 217.2549019607843, 222.11764705882354, 217.5686274509804, 163.92156862745097, 333.96078431372547, 170.8235294117647, 229.01960784313727, M
235.57142857142856, 230.85714285714283, 235.14285714285714, 232.0, 233.7142857142857, 230.42857142857142, 235.0, 235.42857142857142, 229.14285714285714, 231.0, 232.14285714285714, 229.57142857142856, 232.7142857142857, 232.28571428571428, 237.42857142857142, 240.28571428571428, 229.0, 238.85714285714283, 219.14285714285714, 233.85714285714283, 239.28571428571428, M
191.7090909090909, 260.3636363636364, 256.1454545454545, 233.6, 156.65454545454546, 256.29090909090905, 385.45454545454544, 202.3272727272727, 208.14545454545453, 226.6181818181818, 217.74545454545452, 311.1272727272727, 238.83636363636361, 211.2, 233.16363636363636, 232.58181818181816, 197.96363636363634, 232.72727272727272, 259.78181818181815, 219.49090909090907, 233.45454545454544, M
289.90476190476187, 173.14285714285714, 172.19047619047618, 173.33333333333331, 226.09523809523807, 294.0952380952381, 174.47619047619045, 175.23809523809524, 254.09523809523807, 289.3333333333333, 172.76190476190476, 299.4285714285714, 254.28571428571428, 172.57142857142856, 146.66666666666666, 248.19047619047618, 171.8095238095238, 169.33333333333331, 295.04761904761904, 286.0952380952381, 290.85714285714283, M
190.39999999999998, 190.6909090909091, 216.14545454545453, 190.54545454545453, 190.83636363636361, 217.45454545454544, 192.14545454545453, 217.3090909090909, 216.0, 188.79999999999998, 193.3090909090909, 432.7272727272727, 433.0181818181818, 219.05454545454543, 191.56363636363636, 216.72727272727272, 218.47272727272727, 431.8545454545454, 192.43636363636364, 216.87272727272727, 217.89090909090908, M
173.8181818181818, 347.2, 173.38181818181818, 175.7090909090909, 173.96363636363637, 230.83636363636361, 175.85454545454544, 172.94545454545454, 253.8181818181818, 253.23636363636362, 173.52727272727273, 232.29090909090908, 232.43636363636364, 261.96363636363634, 263.4181818181818, 179.49090909090907, 232.72727272727272, 171.9272727272727, 346.9090909090909, 348.2181818181818, 174.1090909090909, M
102.65424503427667, 102.41987461182399, 102.88861545672935, 103.12298587918204, 103.59172672408742, 103.35735630163474, 121.87261967539696, 103.8260971465401, 130.77869572859905, 131.24743657350442, 104.29483799144548, 121.63824925294428, 125.85691685709263, 126.09128727954531, 104.52920841389816, 130.54432530614636, 130.075584461241, 100.31054080974981, 120.23202671822816, 120.70076756313352, 126.32565770199801, M
186.13333333333333, 184.13333333333333, 184.0, 184.66666666666666, 184.26666666666665, 184.4, 185.86666666666667, 127.33333333333333, 368.8, 192.53333333333333, 187.06666666666666, 216.79999999999998, 369.46666666666664, 184.93333333333334, 186.53333333333333, 368.1333333333333, 226.13333333333333, 182.13333333333333, 372.0, 252.13333333333333, 254.0, M
158.15384615384616, 155.84615384615387, 196.6153846153846, 199.0769230769231, 183.3846153846154, 196.0, 196.46153846153848, 179.84615384615387, 197.0769230769231, 179.3846153846154, 162.46153846153848, 177.53846153846155, 195.84615384615387, 197.84615384615387, 180.46153846153848, 157.6923076923077, 194.46153846153848, 160.0, 189.3846153846154, 180.15384615384616, 183.23076923076925, M
235.42857142857142, 236.34285714285713, 236.57142857142856, 234.97142857142856, 236.1142857142857, 237.0285714285714, 235.2, 235.65714285714284, 237.25714285714284, 235.88571428571427, 238.62857142857143, 237.48571428571427, 236.79999999999998, 237.7142857142857, 238.4, 240.45714285714286, 234.28571428571428, 234.5142857142857, 361.1428571428571, 358.85714285714283, 178.97142857142856, M
167.20000000000002, 144.0, 165.92000000000002, 169.12, 276.32, 144.64000000000001, 168.8, 145.92000000000002, 143.36, 166.24, 167.52, 148.16, 168.0, 166.72, 151.20000000000002, 169.92000000000002, 150.56, 278.24, 165.76, 154.24, 143.84, M
179.72093023255815, 197.95348837209303, 194.2325581395349, 189.3953488372093, 158.51162790697674, 159.44186046511626, 397.39534883720927, 204.8372093023256, 179.53488372093022, 189.2093023255814, 194.41860465116278, 179.90697674418604, 176.37209302325581, 377.48837209302326, 369.6744186046512, 176.1860465116279, 311.62790697674416, 309.0232558139535, 371.90697674418607, 189.95348837209303, 300.83720930232556, M
241.45454545454544, 244.21818181818182, 212.5090909090909, 245.96363636363634, 243.2, 255.85454545454544, 248.72727272727272, 242.18181818181816, 216.14545454545453, 211.63636363636363, 244.94545454545454, 199.12727272727273, 245.09090909090907, 190.6909090909091, 212.21818181818182, 256.43636363636364, 251.2, 283.6363636363636, 257.45454545454544, 250.6181818181818, 176.14545454545453, M
328.3404255319149, 205.95744680851064, 164.25531914893617, 163.5744680851064, 202.72340425531914, 208.51063829787233, 165.1063829787234, 210.72340425531914, 165.7872340425532, 210.04255319148936, 164.93617021276594, 384.3404255319149, 167.82978723404256, 385.1914893617021, 206.80851063829786, 221.27659574468083, 328.17021276595744, 261.6170212765957, 222.12765957446808, 385.36170212765956, 209.87234042553192, M
161.8701298701299, 323.22077922077926, 323.7402597402598, 250.49350649350652, 162.0779220779221, 268.46753246753246, 270.44155844155847, 325.40259740259745, 405.0909090909091, 320.83116883116884, 162.70129870129873, 307.6363636363637, 216.83116883116884, 162.5974025974026, 160.72727272727275, 211.84415584415586, 176.10389610389612, 217.35064935064938, 143.6883116883117, 144.31168831168833, 161.76623376623377, M
194.35294117647058, 186.8235294117647, 183.05882352941177, 170.0392156862745, 184.47058823529412, 215.84313725490196, 191.52941176470588, 193.5686274509804, 197.80392156862746, 188.86274509803923, 181.33333333333334, 272.78431372549016, 180.54901960784312, 219.76470588235293, 200.7843137254902, 198.58823529411765, 185.41176470588235, 185.88235294117646, 194.0392156862745, 181.1764705882353, 214.27450980392157, M
211.36842105263156, 213.19298245614033, 170.94736842105263, 170.10526315789474, 211.22807017543857, 234.94736842105263, 168.8421052631579, 177.26315789473682, 158.17543859649123, 172.35087719298244, 316.35087719298247, 171.08771929824562, 216.14035087719296, 170.80701754385964, 171.50877192982455, 209.4035087719298, 171.78947368421052, 226.1052631578947, 168.98245614035088, 208.8421052631579, 233.82456140350877, M
127.05265592475521, 126.74427569192814, 127.66941639040937, 130.44483848585304, 128.5945570888906, 128.28617685606352, 128.90293732171767, 120.8850512682137, 127.97779662323644, 127.36103615758229, 136.3040629095675, 136.92082337522163, 137.22920360804872, 129.8280780201989, 125.20237452779277, 138.15434430652994, 130.75321871868013, 131.36997918433428, 121.81019196669493, 131.67835941716135, 259.03939557474365, M
178.70769230769233, 169.4769230769231, 175.13846153846154, 174.64615384615385, 177.60000000000002, 166.64615384615385, 175.75384615384615, 174.27692307692308, 175.3846153846154, 169.84615384615387, 193.9692307692308, 170.95384615384617, 167.3846153846154, 156.6769230769231, 175.01538461538462, 158.8923076923077, 254.52307692307693, 174.52307692307693, 169.23076923076923, 165.90769230769232, 175.5076923076923, M
193.04347826086956, 193.2173913043478, 193.56521739130434, 193.7391304347826, 192.34782608695653, 196.0, 192.8695652173913, 191.65217391304347, 193.3913043478261, 133.7391304347826, 133.2173913043478, 188.52173913043478, 192.52173913043478, 192.17391304347825, 194.6086956521739, 191.47826086956522, 133.3913043478261, 192.69565217391303, 133.04347826086956, 189.3913043478261, 193.91304347826087, M
148.46511627906978, 147.1627906976744, 150.13953488372093, 222.69767441860463, 146.97674418604652, 148.27906976744185, 224.5581395348837, 226.04651162790697, 159.81395348837208, 225.11627906976744, 163.34883720930233, 222.51162790697674, 150.69767441860466, 166.32558139534885, 200.1860465116279, 160.0, 212.8372093023256, 161.48837209302326, 171.90697674418604, 169.86046511627907, 149.2093023255814, M
190.9090909090909, 166.1818181818182, 190.1818181818182, 253.45454545454547, 196.1818181818182, 192.9090909090909, 195.63636363636365, 158.72727272727272, 190.0, 190.72727272727272, 166.0, 190.36363636363637, 191.45454545454547, 194.9090909090909, 193.63636363636365, 144.36363636363637, 165.63636363636365, 254.36363636363637, 252.36363636363637, 193.0909090909091, 188.72727272727272, M
126.85714285714285, 128.63492063492063, 126.22222222222221, 126.73015873015872, 147.04761904761904, 126.09523809523809, 129.65079365079364, 125.46031746031746, 130.66666666666666, 127.23809523809523, 117.07936507936508, 127.49206349206348, 259.4285714285714, 124.57142857142857, 258.53968253968253, 118.22222222222221, 114.92063492063491, 116.82539682539682, 117.58730158730158, 119.36507936507935, 128.76190476190476, M
283.0909090909091, 424.90909090909093, 185.45454545454547, 415.2727272727273, 282.1818181818182, 260.0, 298.90909090909093, 414.0, 460.90909090909093, 306.72727272727275, 302.90909090909093, 193.27272727272728, 419.8181818181818, 307.6363636363636, 282.90909090909093, 200.36363636363637, 425.8181818181818, 410.54545454545456, 199.0909090909091, 304.0, 309.2727272727273, M
178.875, 180.625, 180.0, 178.5, 161.875, 180.375, 179.75, 278.875, 238.625, 161.5, 238.875, 273.125, 203.75, 270.5, 211.0, 166.0, 166.375, 241.625, 163.75, 210.125, 271.0, M
174.54545454545456, 175.03030303030303, 171.87878787878788, 173.33333333333334, 169.21212121212122, 175.27272727272728, 173.5757575757576, 172.36363636363637, 170.66666666666669, 261.8181818181818, 167.27272727272728, 174.78787878787878, 334.06060606060606, 262.06060606060606, 173.0909090909091, 174.3030303030303, 333.8181818181818, 169.6969696969697, 329.45454545454544, 262.54545454545456, 261.0909090909091, M
301.6140350877193, 263.29824561403507, 304.7017543859649, 305.2631578947368, 291.0877192982456, 292.6315789473684, 302.45614035087715, 458.52631578947364, 305.6842105263158, 317.3333333333333, 466.52631578947364, 302.59649122807014, 264.140350877193, 313.2631578947368, 319.57894736842104, 458.24561403508767, 264.42105263157896, 302.8771929824561, 357.89473684210526, 289.2631578947368, 313.12280701754383, M
300.2352941176471, 192.94117647058823, 299.29411764705884, 212.70588235294116, 300.078431372549, 294.27450980392155, 299.1372549019608, 299.921568627451, 192.47058823529412, 212.86274509803923, 297.09803921568624, 213.01960784313727, 213.64705882352942, 192.7843137254902, 162.8235294117647, 191.2156862745098, 209.09803921568627, 303.05882352941177, 148.54901960784312, 302.11764705882354, 213.33333333333334, M
136.71875, 136.43973214285714, 136.99776785714286, 135.88169642857144, 135.60267857142858, 135.04464285714286, 134.20758928571428, 131.97544642857144, 133.64955357142858, 133.37053571428572, 131.69642857142858, 131.13839285714286, 134.765625, 137.55580357142858, 140.34598214285714, 138.11383928571428, 136.16071428571428, 137.83482142857144, 130.859375, 138.95089285714286, 128.62723214285714, M
92.72727272727273, 93.0909090909091, 89.63636363636364, 88.54545454545455, 92.9090909090909, 93.27272727272728, 94.18181818181819, 87.81818181818183, 92.0, 93.81818181818183, 130.36363636363637, 130.72727272727272, 90.9090909090909, 132.0, 91.81818181818183, 88.36363636363636, 131.63636363636363, 131.27272727272728, 87.45454545454545, 131.45454545454547, 92.18181818181819, M
216.52459016393445, 222.29508196721312, 216.26229508196724, 175.6065573770492, 223.08196721311478, 225.4426229508197, 224.13114754098362, 221.9016393442623, 226.88524590163937, 225.7049180327869, 178.22950819672133, 174.42622950819674, 226.62295081967216, 178.49180327868854, 210.88524590163937, 222.55737704918033, 225.31147540983608, 223.47540983606558, 218.88524590163937, 173.11475409836066, 180.98360655737707, M
176.0, 175.68, 235.84, 229.92000000000002, 239.68, 244.96, 240.96, 235.52, 353.92, 176.96, 243.52, 176.32, 230.72, 242.24, 241.12, 176.64000000000001, 229.6, 230.08, 172.32, 243.04, 225.76, M
165.4468085106383, 164.08510638297872, 192.68085106382978, 164.59574468085106, 198.63829787234042, 196.4255319148936, 192.0, 189.4468085106383, 188.93617021276594, 191.48936170212767, 262.63829787234044, 191.82978723404256, 198.46808510638297, 163.23404255319147, 184.3404255319149, 160.17021276595744, 192.85106382978722, 194.38297872340425, 252.4255319148936, 192.17021276595744, 257.36170212765956, M
287.4146341463415, 210.34146341463415, 209.7560975609756, 210.9268292682927, 207.8048780487805, 211.70731707317074, 216.19512195121953, 208.39024390243904, 288.0, 291.5121951219512, 290.5365853658537, 292.2926829268293, 288.390243902439, 211.3170731707317, 209.3658536585366, 234.53658536585365, 203.1219512195122, 287.8048780487805, 209.95121951219514, 305.3658536585366, 217.1707317073171, M
177.2549019607843, 175.84313725490196, 386.3529411764706, 264.4705882352941, 264.78431372549016, 177.09803921568627, 384.62745098039215, 319.84313725490193, 382.7450980392157, 176.62745098039215, 383.05882352941177, 263.84313725490193, 207.05882352941177, 351.05882352941177, 264.156862745098, 175.2156862745098, 192.31372549019608, 386.8235294117647, 383.2156862745098, 192.94117647058823, 257.2549019607843, M
133.04347826086956, 131.47826086956522, 131.65217391304347, 243.65217391304347, 263.6521739130435, 143.65217391304347, 259.30434782608694, 133.3913043478261, 131.82608695652175, 184.0, 258.4347826086956, 278.6086956521739, 262.0869565217391, 129.7391304347826, 182.26086956521738, 265.04347826086956, 181.91304347826087, 132.8695652173913, 133.56521739130434, 129.56521739130434, 132.52173913043478, M
160.51063829787233, 154.72340425531914, 153.36170212765958, 154.04255319148936, 231.6595744680851, 154.5531914893617, 232.85106382978722, 318.2978723404255, 162.04255319148936, 162.5531914893617, 156.93617021276594, 230.46808510638297, 315.5744680851064, 317.6170212765957, 230.29787234042553, 231.48936170212767, 325.78723404255317, 230.12765957446808, 230.63829787234042, 317.1063829787234, 158.63829787234042, M
298.0, 179.23076923076925, 315.3846153846154, 315.2307692307692, 178.15384615384616, 191.0769230769231, 176.30769230769232, 396.61538461538464, 296.7692307692308, 296.1538461538462, 317.0769230769231, 315.69230769230774, 313.84615384615387, 369.2307692307692, 376.7692307692308, 364.92307692307696, 382.4615384615385, 189.6923076923077, 370.3076923076923, 318.0, 358.3076923076923, M
337.72549019607845, 169.72549019607843, 160.15686274509804, 338.03921568627453, 169.5686274509804, 338.19607843137254, 169.2549019607843, 336.0, 337.88235294117646, 338.98039215686276, 339.45098039215685, 338.5098039215686, 341.01960784313724, 160.47058823529412, 339.1372549019608, 168.15686274509804, 161.88235294117646, 340.54901960784315, 160.31372549019608, 339.29411764705884, 159.37254901960785, M
166.66666666666666, 168.33333333333331, 197.16666666666666, 361.8333333333333, 186.66666666666666, 179.0, 173.16666666666666, 168.16666666666666, 182.5, 196.0, 164.83333333333331, 169.33333333333331, 358.0, 166.5, 311.16666666666663, 366.5, 197.83333333333331, 338.5, 170.66666666666666, 309.5, 333.3333333333333, M
123.62677603632636, 118.93950490698697, 119.52541379815439, 124.21268492749378, 135.34495385967483, 237.87900981397394, 125.97041160099606, 125.38450270982862, 123.04086714515894, 122.4549582539915, 238.46491870514137, 120.69723158048924, 120.11132268932182, 118.35359601581955, 128.31404716566576, 121.28314047165667, 133.00131829500515, 137.1026805331771, 124.7985938186612, 237.29310092280653, 134.17313607734, M
206.6086956521739, 206.95652173913044, 193.56521739130434, 203.1304347826087, 176.52173913043478, 205.2173913043478, 210.43478260869566, 206.43478260869566, 205.7391304347826, 205.3913043478261, 206.78260869565216, 204.8695652173913, 177.2173913043478, 199.47826086956522, 202.78260869565216, 201.3913043478261, 202.6086956521739, 192.69565217391303, 190.95652173913044, 176.0, 199.65217391304347, M
212.74074074074073, 214.2222222222222, 221.77777777777777, 221.33333333333331, 220.74074074074073, 213.92592592592592, 212.14814814814812, 189.18518518518516, 222.96296296296296, 221.92592592592592, 205.18518518518516, 213.33333333333331, 223.25925925925924, 224.74074074074073, 206.96296296296296, 204.29629629629628, 203.85185185185185, 211.1111111111111, 218.66666666666666, 224.29629629629628, 221.18518518518516, M
